Countrycode,AirPollutant,UnitOfMeasurement,DatetimeBegin,mean no2 (µg/m3)
IT,NO2,µg/m3,2020-02-13 00:00:00 +01:00,52.77777777777778
IT,NO2,µg/m3,2020-02-13 01:00:00 +01:00,48.63636363636363
IT,NO2,µg/m3,2020-02-13 02:00:00 +01:00,41.63636363636363
IT,NO2,µg/m3,2020-02-13 03:00:00 +01:00,42.666666666666664
IT,NO2,µg/m3,2020-02-13 04:00:00 +01:00,39.63636363636363
IT,NO2,µg/m3,2020-02-13 05:00:00 +01:00,39.0
IT,NO2,µg/m3,2020-02-13 06:00:00 +01:00,45.54545454545455
IT,NO2,µg/m3,2020-02-13 07:00:00 +01:00,50.36363636363637
IT,NO2,µg/m3,2020-02-13 08:00:00 +01:00,53.63636363636363
IT,NO2,µg/m3,2020-02-13 09:00:00 +01:00,64.9090909090909
IT,NO2,µg/m3,2020-02-13 10:00:00 +01:00,63.6
IT,NO2,µg/m3,2020-02-13 11:00:00 +01:00,47.72727272727273
IT,NO2,µg/m3,2020-02-13 12:00:00 +01:00,34.81818181818182
IT,NO2,µg/m3,2020-02-13 13:00:00 +01:00,31.272727272727273
IT,NO2,µg/m3,2020-02-13 14:00:00 +01:00,28.363636363636363
IT,NO2,µg/m3,2020-02-13 15:00:00 +01:00,29.0
IT,NO2,µg/m3,2020-02-13 16:00:00 +01:00,35.18181818181818
IT,NO2,µg/m3,2020-02-13 17:00:00 +01:00,47.54545454545455
IT,NO2,µg/m3,2020-02-13 18:00:00 +01:00,66.45454545454545
IT,NO2,µg/m3,2020-02-13 19:00:00 +01:00,72.18181818181819
IT,NO2,µg/m3,2020-02-13 20:00:00 +01:00,70.36363636363636
IT,NO2,µg/m3,2020-02-13 21:00:00 +01:00,58.81818181818182
IT,NO2,µg/m3,2020-02-13 22:00:00 +01:00,47.72727272727273
IT,NO2,µg/m3,2020-02-13 23:00:00 +01:00,39.18181818181818
IT,NO2,µg/m3,2020-02-14 00:00:00 +01:00,27.333333333333332
IT,NO2,µg/m3,2020-02-14 01:00:00 +01:00,15.727272727272727
IT,NO2,µg/m3,2020-02-14 02:00:00 +01:00,10.545454545454545
IT,NO2,µg/m3,2020-02-14 03:00:00 +01:00,5.333333333333333
IT,NO2,µg/m3,2020-02-14 04:00:00 +01:00,15.363636363636363
IT,NO2,µg/m3,2020-02-14 05:00:00 +01:00,20.727272727272727
IT,NO2,µg/m3,2020-02-14 06:00:00 +01:00,38.81818181818182
IT,NO2,µg/m3,2020-02-14 07:00:00 +01:00,51.72727272727273
IT,NO2,µg/m3,2020-02-14 08:00:00 +01:00,61.54545454545455
IT,NO2,µg/m3,2020-02-14 09:00:00 +01:00,58.27272727272727
IT,NO2,µg/m3,2020-02-14 10:00:00 +01:00,43.09090909090909
IT,NO2,µg/m3,2020-02-14 11:00:00 +01:00,34.72727272727273
IT,NO2,µg/m3,2020-02-14 12:00:00 +01:00,27.818181818181817
IT,NO2,µg/m3,2020-02-14 13:00:00 +01:00,26.0
IT,NO2,µg/m3,2020-02-14 14:00:00 +01:00,25.363636363636363
IT,NO2,µg/m3,2020-02-14 15:00:00 +01:00,25.818181818181817
IT,NO2,µg/m3,2020-02-14 16:00:00 +01:00,29.727272727272727
IT,NO2,µg/m3,2020-02-14 17:00:00 +01:00,43.63636363636363
IT,NO2,µg/m3,2020-02-14 18:00:00 +01:00,59.90909090909091
IT,NO2,µg/m3,2020-02-14 19:00:00 +01:00,68.9090909090909
IT,NO2,µg/m3,2020-02-14 20:00:00 +01:00,78.54545454545455
IT,NO2,µg/m3,2020-02-14 21:00:00 +01:00,71.45454545454545
IT,NO2,µg/m3,2020-02-14 22:00:00 +01:00,63.54545454545455
IT,NO2,µg/m3,2020-02-14 23:00:00 +01:00,57.0
IT,NO2,µg/m3,2020-02-15 00:00:00 +01:00,59.77777777777778
IT,NO2,µg/m3,2020-02-15 01:00:00 +01:00,56.0
IT,NO2,µg/m3,2020-02-15 02:00:00 +01:00,53.36363636363637
IT,NO2,µg/m3,2020-02-15 03:00:00 +01:00,50.666666666666664
IT,NO2,µg/m3,2020-02-15 04:00:00 +01:00,44.45454545454545
IT,NO2,µg/m3,2020-02-15 05:00:00 +01:00,42.36363636363637
IT,NO2,µg/m3,2020-02-15 06:00:00 +01:00,57.0
IT,NO2,µg/m3,2020-02-15 07:00:00 +01:00,62.72727272727273
IT,NO2,µg/m3,2020-02-15 08:00:00 +01:00,59.8
IT,NO2,µg/m3,2020-02-15 09:00:00 +01:00,52.2
IT,NO2,µg/m3,2020-02-15 10:00:00 +01:00,42.1
IT,NO2,µg/m3,2020-02-15 11:00:00 +01:00,38.0
IT,NO2,µg/m3,2020-02-15 12:00:00 +01:00,32.5
IT,NO2,µg/m3,2020-02-15 13:00:00 +01:00,26.5
IT,NO2,µg/m3,2020-02-15 14:00:00 +01:00,25.9
IT,NO2,µg/m3,2020-02-15 15:00:00 +01:00,26.6
IT,NO2,µg/m3,2020-02-15 16:00:00 +01:00,30.3
IT,NO2,µg/m3,2020-02-15 17:00:00 +01:00,42.8
IT,NO2,µg/m3,2020-02-15 18:00:00 +01:00,65.2
IT,NO2,µg/m3,2020-02-15 19:00:00 +01:00,85.8
IT,NO2,µg/m3,2020-02-15 20:00:00 +01:00,89.8
IT,NO2,µg/m3,2020-02-15 21:00:00 +01:00,85.1
IT,NO2,µg/m3,2020-02-15 22:00:00 +01:00,78.5
IT,NO2,µg/m3,2020-02-15 23:00:00 +01:00,75.6
IT,NO2,µg/m3,2020-02-16 00:00:00 +01:00,65.625
IT,NO2,µg/m3,2020-02-16 01:00:00 +01:00,58.6
IT,NO2,µg/m3,2020-02-16 02:00:00 +01:00,49.3
IT,NO2,µg/m3,2020-02-16 03:00:00 +01:00,45.666666666666664
IT,NO2,µg/m3,2020-02-16 04:00:00 +01:00,39.0
IT,NO2,µg/m3,2020-02-16 05:00:00 +01:00,36.0
IT,NO2,µg/m3,2020-02-16 06:00:00 +01:00,39.1
IT,NO2,µg/m3,2020-02-16 07:00:00 +01:00,38.6
IT,NO2,µg/m3,2020-02-16 08:00:00 +01:00,40.2
IT,NO2,µg/m3,2020-02-16 09:00:00 +01:00,40.8
IT,NO2,µg/m3,2020-02-16 10:00:00 +01:00,41.2
IT,NO2,µg/m3,2020-02-16 11:00:00 +01:00,37.8
IT,NO2,µg/m3,2020-02-16 12:00:00 +01:00,35.54545454545455
IT,NO2,µg/m3,2020-02-16 13:00:00 +01:00,29.636363636363637
IT,NO2,µg/m3,2020-02-16 14:00:00 +01:00,24.0
IT,NO2,µg/m3,2020-02-16 15:00:00 +01:00,25.454545454545453
IT,NO2,µg/m3,2020-02-16 16:00:00 +01:00,29.636363636363637
IT,NO2,µg/m3,2020-02-16 17:00:00 +01:00,36.0
IT,NO2,µg/m3,2020-02-16 18:00:00 +01:00,50.09090909090909
IT,NO2,µg/m3,2020-02-16 19:00:00 +01:00,76.54545454545455
IT,NO2,µg/m3,2020-02-16 20:00:00 +01:00,85.72727272727273
IT,NO2,µg/m3,2020-02-16 21:00:00 +01:00,81.0
IT,NO2,µg/m3,2020-02-16 22:00:00 +01:00,75.54545454545455
IT,NO2,µg/m3,2020-02-16 23:00:00 +01:00,74.18181818181819
IT,NO2,µg/m3,2020-02-17 00:00:00 +01:00,68.33333333333333
IT,NO2,µg/m3,2020-02-17 01:00:00 +01:00,61.81818181818182
IT,NO2,µg/m3,2020-02-17 02:00:00 +01:00,54.63636363636363
IT,NO2,µg/m3,2020-02-17 03:00:00 +01:00,54.333333333333336
IT,NO2,µg/m3,2020-02-17 04:00:00 +01:00,46.6
IT,NO2,µg/m3,2020-02-17 05:00:00 +01:00,40.5
IT,NO2,µg/m3,2020-02-17 06:00:00 +01:00,50.0
IT,NO2,µg/m3,2020-02-17 07:00:00 +01:00,64.2
IT,NO2,µg/m3,2020-02-17 08:00:00 +01:00,60.4
IT,NO2,µg/m3,2020-02-17 09:00:00 +01:00,57.1
IT,NO2,µg/m3,2020-02-17 10:00:00 +01:00,61.8
IT,NO2,µg/m3,2020-02-17 11:00:00 +01:00,66.0
IT,NO2,µg/m3,2020-02-17 12:00:00 +01:00,63.1
IT,NO2,µg/m3,2020-02-17 13:00:00 +01:00,48.0
IT,NO2,µg/m3,2020-02-17 14:00:00 +01:00,41.9
IT,NO2,µg/m3,2020-02-17 15:00:00 +01:00,40.3
IT,NO2,µg/m3,2020-02-17 16:00:00 +01:00,40.27272727272727
IT,NO2,µg/m3,2020-02-17 17:00:00 +01:00,51.18181818181818
IT,NO2,µg/m3,2020-02-17 18:00:00 +01:00,69.18181818181819
IT,NO2,µg/m3,2020-02-17 19:00:00 +01:00,81.72727272727273
IT,NO2,µg/m3,2020-02-17 20:00:00 +01:00,85.72727272727273
IT,NO2,µg/m3,2020-02-17 21:00:00 +01:00,85.81818181818181
IT,NO2,µg/m3,2020-02-17 22:00:00 +01:00,80.27272727272727
IT,NO2,µg/m3,2020-02-17 23:00:00 +01:00,76.45454545454545
IT,NO2,µg/m3,2020-02-18 00:00:00 +01:00,63.0
IT,NO2,µg/m3,2020-02-18 01:00:00 +01:00,56.27272727272727
IT,NO2,µg/m3,2020-02-18 02:00:00 +01:00,49.27272727272727
IT,NO2,µg/m3,2020-02-18 03:00:00 +01:00,49.25
IT,NO2,µg/m3,2020-02-18 04:00:00 +01:00,43.0
IT,NO2,µg/m3,2020-02-18 05:00:00 +01:00,44.54545454545455
IT,NO2,µg/m3,2020-02-18 06:00:00 +01:00,56.54545454545455
IT,NO2,µg/m3,2020-02-18 07:00:00 +01:00,62.09090909090909
IT,NO2,µg/m3,2020-02-18 08:00:00 +01:00,67.63636363636364
IT,NO2,µg/m3,2020-02-18 09:00:00 +01:00,71.81818181818181
IT,NO2,µg/m3,2020-02-18 10:00:00 +01:00,73.18181818181819
IT,NO2,µg/m3,2020-02-18 11:00:00 +01:00,64.63636363636364
IT,NO2,µg/m3,2020-02-18 12:00:00 +01:00,42.09090909090909
IT,NO2,µg/m3,2020-02-18 13:00:00 +01:00,36.45454545454545
IT,NO2,µg/m3,2020-02-18 14:00:00 +01:00,34.36363636363637
IT,NO2,µg/m3,2020-02-18 15:00:00 +01:00,36.45454545454545
IT,NO2,µg/m3,2020-02-18 16:00:00 +01:00,39.63636363636363
IT,NO2,µg/m3,2020-02-18 17:00:00 +01:00,49.36363636363637
IT,NO2,µg/m3,2020-02-18 18:00:00 +01:00,59.72727272727273
IT,NO2,µg/m3,2020-02-18 19:00:00 +01:00,74.0
IT,NO2,µg/m3,2020-02-18 20:00:00 +01:00,77.63636363636364
IT,NO2,µg/m3,2020-02-18 21:00:00 +01:00,75.63636363636364
IT,NO2,µg/m3,2020-02-18 22:00:00 +01:00,70.63636363636364
IT,NO2,µg/m3,2020-02-18 23:00:00 +01:00,65.63636363636364
IT,NO2,µg/m3,2020-02-19 00:00:00 +01:00,57.77777777777778
IT,NO2,µg/m3,2020-02-19 01:00:00 +01:00,50.54545454545455
IT,NO2,µg/m3,2020-02-19 02:00:00 +01:00,45.09090909090909
IT,NO2,µg/m3,2020-02-19 03:00:00 +01:00,44.0
IT,NO2,µg/m3,2020-02-19 04:00:00 +01:00,40.36363636363637
IT,NO2,µg/m3,2020-02-19 05:00:00 +01:00,43.18181818181818
IT,NO2,µg/m3,2020-02-19 06:00:00 +01:00,44.72727272727273
IT,NO2,µg/m3,2020-02-19 07:00:00 +01:00,51.72727272727273
IT,NO2,µg/m3,2020-02-19 08:00:00 +01:00,50.2
IT,NO2,µg/m3,2020-02-19 09:00:00 +01:00,48.5
IT,NO2,µg/m3,2020-02-19 10:00:00 +01:00,48.0
IT,NO2,µg/m3,2020-02-19 11:00:00 +01:00,50.4
IT,NO2,µg/m3,2020-02-19 12:00:00 +01:00,54.1
IT,NO2,µg/m3,2020-02-19 13:00:00 +01:00,43.0
IT,NO2,µg/m3,2020-02-19 14:00:00 +01:00,32.5
IT,NO2,µg/m3,2020-02-19 15:00:00 +01:00,30.2
IT,NO2,µg/m3,2020-02-19 16:00:00 +01:00,37.63636363636363
IT,NO2,µg/m3,2020-02-19 17:00:00 +01:00,52.36363636363637
IT,NO2,µg/m3,2020-02-19 18:00:00 +01:00,66.36363636363636
IT,NO2,µg/m3,2020-02-19 19:00:00 +01:00,77.27272727272727
IT,NO2,µg/m3,2020-02-19 20:00:00 +01:00,76.18181818181819
IT,NO2,µg/m3,2020-02-19 21:00:00 +01:00,72.36363636363636
IT,NO2,µg/m3,2020-02-19 22:00:00 +01:00,66.63636363636364
IT,NO2,µg/m3,2020-02-19 23:00:00 +01:00,61.0
IT,NO2,µg/m3,2020-02-20 00:00:00 +01:00,51.55555555555556
IT,NO2,µg/m3,2020-02-20 01:00:00 +01:00,45.18181818181818
IT,NO2,µg/m3,2020-02-20 02:00:00 +01:00,40.45454545454545
IT,NO2,µg/m3,2020-02-20 03:00:00 +01:00,35.0
IT,NO2,µg/m3,2020-02-20 04:00:00 +01:00,32.45454545454545
IT,NO2,µg/m3,2020-02-20 05:00:00 +01:00,33.63636363636363
IT,NO2,µg/m3,2020-02-20 06:00:00 +01:00,46.0
IT,NO2,µg/m3,2020-02-20 07:00:00 +01:00,58.18181818181818
IT,NO2,µg/m3,2020-02-20 08:00:00 +01:00,61.45454545454545
IT,NO2,µg/m3,2020-02-20 09:00:00 +01:00,50.54545454545455
IT,NO2,µg/m3,2020-02-20 10:00:00 +01:00,40.90909090909091
IT,NO2,µg/m3,2020-02-20 11:00:00 +01:00,36.54545454545455
IT,NO2,µg/m3,2020-02-20 12:00:00 +01:00,27.727272727272727
IT,NO2,µg/m3,2020-02-20 13:00:00 +01:00,27.0
IT,NO2,µg/m3,2020-02-20 14:00:00 +01:00,27.90909090909091
IT,NO2,µg/m3,2020-02-20 15:00:00 +01:00,32.09090909090909
IT,NO2,µg/m3,2020-02-20 16:00:00 +01:00,39.90909090909091
IT,NO2,µg/m3,2020-02-20 17:00:00 +01:00,53.90909090909091
IT,NO2,µg/m3,2020-02-20 18:00:00 +01:00,76.0909090909091
IT,NO2,µg/m3,2020-02-20 19:00:00 +01:00,79.18181818181819
IT,NO2,µg/m3,2020-02-20 20:00:00 +01:00,87.45454545454545
IT,NO2,µg/m3,2020-02-20 21:00:00 +01:00,86.54545454545455
IT,NO2,µg/m3,2020-02-20 22:00:00 +01:00,79.18181818181819
IT,NO2,µg/m3,2020-02-20 23:00:00 +01:00,80.63636363636364
IT,NO2,µg/m3,2020-02-21 00:00:00 +01:00,69.77777777777777
IT,NO2,µg/m3,2020-02-21 01:00:00 +01:00,59.09090909090909
IT,NO2,µg/m3,2020-02-21 02:00:00 +01:00,47.90909090909091
IT,NO2,µg/m3,2020-02-21 03:00:00 +01:00,46.0
IT,NO2,µg/m3,2020-02-21 04:00:00 +01:00,43.81818181818182
IT,NO2,µg/m3,2020-02-21 05:00:00 +01:00,43.0
IT,NO2,µg/m3,2020-02-21 06:00:00 +01:00,48.18181818181818
IT,NO2,µg/m3,2020-02-21 07:00:00 +01:00,56.81818181818182
IT,NO2,µg/m3,2020-02-21 08:00:00 +01:00,58.63636363636363
IT,NO2,µg/m3,2020-02-21 09:00:00 +01:00,60.81818181818182
IT,NO2,µg/m3,2020-02-21 10:00:00 +01:00,61.45454545454545
IT,NO2,µg/m3,2020-02-21 11:00:00 +01:00,57.27272727272727
IT,NO2,µg/m3,2020-02-21 12:00:00 +01:00,40.63636363636363
IT,NO2,µg/m3,2020-02-21 13:00:00 +01:00,33.5
IT,NO2,µg/m3,2020-02-21 14:00:00 +01:00,31.8
IT,NO2,µg/m3,2020-02-21 15:00:00 +01:00,32.4
IT,NO2,µg/m3,2020-02-21 16:00:00 +01:00,34.2
IT,NO2,µg/m3,2020-02-21 17:00:00 +01:00,43.8
IT,NO2,µg/m3,2020-02-21 18:00:00 +01:00,59.1
IT,NO2,µg/m3,2020-02-21 19:00:00 +01:00,75.8
IT,NO2,µg/m3,2020-02-21 20:00:00 +01:00,92.5
IT,NO2,µg/m3,2020-02-21 21:00:00 +01:00,93.5
IT,NO2,µg/m3,2020-02-21 22:00:00 +01:00,86.2
IT,NO2,µg/m3,2020-02-21 23:00:00 +01:00,76.1
IT,NO2,µg/m3,2020-02-22 00:00:00 +01:00,58.22222222222222
IT,NO2,µg/m3,2020-02-22 01:00:00 +01:00,52.09090909090909
IT,NO2,µg/m3,2020-02-22 02:00:00 +01:00,46.27272727272727
IT,NO2,µg/m3,2020-02-22 03:00:00 +01:00,46.5
IT,NO2,µg/m3,2020-02-22 04:00:00 +01:00,43.45454545454545
IT,NO2,µg/m3,2020-02-22 05:00:00 +01:00,44.27272727272727
IT,NO2,µg/m3,2020-02-22 06:00:00 +01:00,48.63636363636363
IT,NO2,µg/m3,2020-02-22 07:00:00 +01:00,51.81818181818182
IT,NO2,µg/m3,2020-02-22 08:00:00 +01:00,49.72727272727273
IT,NO2,µg/m3,2020-02-22 09:00:00 +01:00,52.54545454545455
IT,NO2,µg/m3,2020-02-22 10:00:00 +01:00,52.54545454545455
IT,NO2,µg/m3,2020-02-22 11:00:00 +01:00,45.45454545454545
IT,NO2,µg/m3,2020-02-22 12:00:00 +01:00,38.27272727272727
IT,NO2,µg/m3,2020-02-22 13:00:00 +01:00,34.0
IT,NO2,µg/m3,2020-02-22 14:00:00 +01:00,27.181818181818183
IT,NO2,µg/m3,2020-02-22 15:00:00 +01:00,27.272727272727273
IT,NO2,µg/m3,2020-02-22 16:00:00 +01:00,30.272727272727273
IT,NO2,µg/m3,2020-02-22 17:00:00 +01:00,36.0
IT,NO2,µg/m3,2020-02-22 18:00:00 +01:00,48.45454545454545
IT,NO2,µg/m3,2020-02-22 19:00:00 +01:00,62.54545454545455
IT,NO2,µg/m3,2020-02-22 20:00:00 +01:00,76.9090909090909
IT,NO2,µg/m3,2020-02-22 21:00:00 +01:00,82.0909090909091
IT,NO2,µg/m3,2020-02-22 22:00:00 +01:00,72.45454545454545
IT,NO2,µg/m3,2020-02-22 23:00:00 +01:00,69.45454545454545
IT,NO2,µg/m3,2020-02-23 00:00:00 +01:00,64.55555555555556
IT,NO2,µg/m3,2020-02-23 01:00:00 +01:00,57.27272727272727
IT,NO2,µg/m3,2020-02-23 02:00:00 +01:00,49.63636363636363
IT,NO2,µg/m3,2020-02-23 03:00:00 +01:00,48.5
IT,NO2,µg/m3,2020-02-23 04:00:00 +01:00,42.27272727272727
IT,NO2,µg/m3,2020-02-23 05:00:00 +01:00,38.54545454545455
IT,NO2,µg/m3,2020-02-23 06:00:00 +01:00,39.63636363636363
IT,NO2,µg/m3,2020-02-23 07:00:00 +01:00,40.18181818181818
IT,NO2,µg/m3,2020-02-23 08:00:00 +01:00,36.0
IT,NO2,µg/m3,2020-02-23 09:00:00 +01:00,37.0
IT,NO2,µg/m3,2020-02-23 10:00:00 +01:00,37.0
IT,NO2,µg/m3,2020-02-23 11:00:00 +01:00,35.45454545454545
IT,NO2,µg/m3,2020-02-23 12:00:00 +01:00,31.90909090909091
IT,NO2,µg/m3,2020-02-23 13:00:00 +01:00,25.818181818181817
IT,NO2,µg/m3,2020-02-23 14:00:00 +01:00,20.09090909090909
IT,NO2,µg/m3,2020-02-23 15:00:00 +01:00,21.90909090909091
IT,NO2,µg/m3,2020-02-23 16:00:00 +01:00,25.727272727272727
IT,NO2,µg/m3,2020-02-23 17:00:00 +01:00,34.36363636363637
IT,NO2,µg/m3,2020-02-23 18:00:00 +01:00,49.63636363636363
IT,NO2,µg/m3,2020-02-23 19:00:00 +01:00,59.0
IT,NO2,µg/m3,2020-02-23 20:00:00 +01:00,64.9090909090909
IT,NO2,µg/m3,2020-02-23 21:00:00 +01:00,73.36363636363636
IT,NO2,µg/m3,2020-02-23 22:00:00 +01:00,67.54545454545455
IT,NO2,µg/m3,2020-02-23 23:00:00 +01:00,56.45454545454545
IT,NO2,µg/m3,2020-02-24 00:00:00 +01:00,49.333333333333336
IT,NO2,µg/m3,2020-02-24 01:00:00 +01:00,39.36363636363637
IT,NO2,µg/m3,2020-02-24 02:00:00 +01:00,34.27272727272727
IT,NO2,µg/m3,2020-02-24 03:00:00 +01:00,20.5
IT,NO2,µg/m3,2020-02-24 04:00:00 +01:00,30.454545454545453
IT,NO2,µg/m3,2020-02-24 05:00:00 +01:00,38.72727272727273
IT,NO2,µg/m3,2020-02-24 06:00:00 +01:00,52.18181818181818
IT,NO2,µg/m3,2020-02-24 07:00:00 +01:00,60.27272727272727
IT,NO2,µg/m3,2020-02-24 08:00:00 +01:00,62.18181818181818
IT,NO2,µg/m3,2020-02-24 09:00:00 +01:00,56.45454545454545
IT,NO2,µg/m3,2020-02-24 10:00:00 +01:00,41.27272727272727
IT,NO2,µg/m3,2020-02-24 11:00:00 +01:00,37.1
IT,NO2,µg/m3,2020-02-24 12:00:00 +01:00,37.9
IT,NO2,µg/m3,2020-02-24 13:00:00 +01:00,37.45454545454545
IT,NO2,µg/m3,2020-02-24 14:00:00 +01:00,33.18181818181818
IT,NO2,µg/m3,2020-02-24 15:00:00 +01:00,34.81818181818182
IT,NO2,µg/m3,2020-02-24 16:00:00 +01:00,33.36363636363637
IT,NO2,µg/m3,2020-02-24 17:00:00 +01:00,43.27272727272727
IT,NO2,µg/m3,2020-02-24 18:00:00 +01:00,47.90909090909091
IT,NO2,µg/m3,2020-02-24 19:00:00 +01:00,49.27272727272727
IT,NO2,µg/m3,2020-02-24 20:00:00 +01:00,53.18181818181818
IT,NO2,µg/m3,2020-02-24 21:00:00 +01:00,59.54545454545455
IT,NO2,µg/m3,2020-02-24 22:00:00 +01:00,44.72727272727273
IT,NO2,µg/m3,2020-02-24 23:00:00 +01:00,39.09090909090909
IT,NO2,µg/m3,2020-02-25 00:00:00 +01:00,40.77777777777778
IT,NO2,µg/m3,2020-02-25 01:00:00 +01:00,38.72727272727273
IT,NO2,µg/m3,2020-02-25 02:00:00 +01:00,26.0
IT,NO2,µg/m3,2020-02-25 03:00:00 +01:00,15.0
IT,NO2,µg/m3,2020-02-25 04:00:00 +01:00,28.90909090909091
IT,NO2,µg/m3,2020-02-25 05:00:00 +01:00,38.0
IT,NO2,µg/m3,2020-02-25 06:00:00 +01:00,61.18181818181818
IT,NO2,µg/m3,2020-02-25 07:00:00 +01:00,73.36363636363636
IT,NO2,µg/m3,2020-02-25 08:00:00 +01:00,69.54545454545455
IT,NO2,µg/m3,2020-02-25 09:00:00 +01:00,52.888888888888886
IT,NO2,µg/m3,2020-02-25 10:00:00 +01:00,32.888888888888886
IT,NO2,µg/m3,2020-02-25 11:00:00 +01:00,28.9
IT,NO2,µg/m3,2020-02-25 12:00:00 +01:00,30.1
IT,NO2,µg/m3,2020-02-25 13:00:00 +01:00,24.9
IT,NO2,µg/m3,2020-02-25 14:00:00 +01:00,27.454545454545453
IT,NO2,µg/m3,2020-02-25 15:00:00 +01:00,29.454545454545453
IT,NO2,µg/m3,2020-02-25 16:00:00 +01:00,30.727272727272727
IT,NO2,µg/m3,2020-02-25 17:00:00 +01:00,34.81818181818182
IT,NO2,µg/m3,2020-02-25 18:00:00 +01:00,40.36363636363637
IT,NO2,µg/m3,2020-02-25 19:00:00 +01:00,47.09090909090909
IT,NO2,µg/m3,2020-02-25 20:00:00 +01:00,47.27272727272727
IT,NO2,µg/m3,2020-02-25 21:00:00 +01:00,38.18181818181818
IT,NO2,µg/m3,2020-02-25 22:00:00 +01:00,42.72727272727273
IT,NO2,µg/m3,2020-02-25 23:00:00 +01:00,40.54545454545455
IT,NO2,µg/m3,2020-02-26 00:00:00 +01:00,27.77777777777778
IT,NO2,µg/m3,2020-02-26 01:00:00 +01:00,31.818181818181817
IT,NO2,µg/m3,2020-02-26 02:00:00 +01:00,21.0
IT,NO2,µg/m3,2020-02-26 03:00:00 +01:00,5.5
IT,NO2,µg/m3,2020-02-26 04:00:00 +01:00,14.545454545454545
IT,NO2,µg/m3,2020-02-26 05:00:00 +01:00,20.09090909090909
IT,NO2,µg/m3,2020-02-26 06:00:00 +01:00,39.54545454545455
IT,NO2,µg/m3,2020-02-26 07:00:00 +01:00,55.0
IT,NO2,µg/m3,2020-02-26 08:00:00 +01:00,52.9
IT,NO2,µg/m3,2020-02-26 09:00:00 +01:00,48.44444444444444
IT,NO2,µg/m3,2020-02-26 10:00:00 +01:00,42.888888888888886
IT,NO2,µg/m3,2020-02-26 11:00:00 +01:00,33.22222222222222
IT,NO2,µg/m3,2020-02-26 12:00:00 +01:00,22.0
IT,NO2,µg/m3,2020-02-26 13:00:00 +01:00,19.2
IT,NO2,µg/m3,2020-02-26 14:00:00 +01:00,18.90909090909091
IT,NO2,µg/m3,2020-02-26 15:00:00 +01:00,20.5
IT,NO2,µg/m3,2020-02-26 16:00:00 +01:00,23.5
IT,NO2,µg/m3,2020-02-26 17:00:00 +01:00,24.9
IT,NO2,µg/m3,2020-02-26 18:00:00 +01:00,18.6
IT,NO2,µg/m3,2020-02-26 19:00:00 +01:00,28.545454545454547
IT,NO2,µg/m3,2020-02-26 20:00:00 +01:00,37.63636363636363
IT,NO2,µg/m3,2020-02-26 21:00:00 +01:00,17.272727272727273
IT,NO2,µg/m3,2020-02-26 22:00:00 +01:00,26.90909090909091
IT,NO2,µg/m3,2020-02-26 23:00:00 +01:00,40.18181818181818
IT,NO2,µg/m3,2020-02-27 00:00:00 +01:00,51.55555555555556
IT,NO2,µg/m3,2020-02-27 01:00:00 +01:00,32.63636363636363
IT,NO2,µg/m3,2020-02-27 02:00:00 +01:00,24.2
IT,NO2,µg/m3,2020-02-27 03:00:00 +01:00,30.0
IT,NO2,µg/m3,2020-02-27 04:00:00 +01:00,23.545454545454547
IT,NO2,µg/m3,2020-02-27 05:00:00 +01:00,35.45454545454545
IT,NO2,µg/m3,2020-02-27 06:00:00 +01:00,57.0
IT,NO2,µg/m3,2020-02-27 07:00:00 +01:00,66.7
IT,NO2,µg/m3,2020-02-27 08:00:00 +01:00,62.333333333333336
IT,NO2,µg/m3,2020-02-27 09:00:00 +01:00,50.888888888888886
IT,NO2,µg/m3,2020-02-27 10:00:00 +01:00,34.2
IT,NO2,µg/m3,2020-02-27 11:00:00 +01:00,28.1
IT,NO2,µg/m3,2020-02-27 12:00:00 +01:00,23.818181818181817
IT,NO2,µg/m3,2020-02-27 13:00:00 +01:00,29.363636363636363
IT,NO2,µg/m3,2020-02-27 14:00:00 +01:00,23.454545454545453
IT,NO2,µg/m3,2020-02-27 15:00:00 +01:00,25.0
IT,NO2,µg/m3,2020-02-27 16:00:00 +01:00,29.90909090909091
IT,NO2,µg/m3,2020-02-27 17:00:00 +01:00,35.36363636363637
IT,NO2,µg/m3,2020-02-27 18:00:00 +01:00,52.45454545454545
IT,NO2,µg/m3,2020-02-27 19:00:00 +01:00,62.63636363636363
IT,NO2,µg/m3,2020-02-27 20:00:00 +01:00,56.72727272727273
IT,NO2,µg/m3,2020-02-27 21:00:00 +01:00,53.09090909090909
IT,NO2,µg/m3,2020-02-27 22:00:00 +01:00,35.27272727272727
IT,NO2,µg/m3,2020-02-27 23:00:00 +01:00,22.727272727272727
IT,NO2,µg/m3,2020-02-28 00:00:00 +01:00,21.77777777777778
IT,NO2,µg/m3,2020-02-28 01:00:00 +01:00,13.090909090909092
IT,NO2,µg/m3,2020-02-28 02:00:00 +01:00,9.272727272727273
IT,NO2,µg/m3,2020-02-28 03:00:00 +01:00,5.666666666666667
IT,NO2,µg/m3,2020-02-28 04:00:00 +01:00,29.09090909090909
IT,NO2,µg/m3,2020-02-28 05:00:00 +01:00,43.0
IT,NO2,µg/m3,2020-02-28 06:00:00 +01:00,51.27272727272727
IT,NO2,µg/m3,2020-02-28 07:00:00 +01:00,57.18181818181818
IT,NO2,µg/m3,2020-02-28 08:00:00 +01:00,44.27272727272727
IT,NO2,µg/m3,2020-02-28 09:00:00 +01:00,28.636363636363637
IT,NO2,µg/m3,2020-02-28 10:00:00 +01:00,23.3
IT,NO2,µg/m3,2020-02-28 11:00:00 +01:00,23.7
IT,NO2,µg/m3,2020-02-28 12:00:00 +01:00,21.6
IT,NO2,µg/m3,2020-02-28 13:00:00 +01:00,23.5
IT,NO2,µg/m3,2020-02-28 14:00:00 +01:00,23.0
IT,NO2,µg/m3,2020-02-28 15:00:00 +01:00,24.9
IT,NO2,µg/m3,2020-02-28 16:00:00 +01:00,30.9
IT,NO2,µg/m3,2020-02-28 17:00:00 +01:00,41.8
IT,NO2,µg/m3,2020-02-28 18:00:00 +01:00,45.8
IT,NO2,µg/m3,2020-02-28 19:00:00 +01:00,50.4
IT,NO2,µg/m3,2020-02-28 20:00:00 +01:00,59.6
IT,NO2,µg/m3,2020-02-28 21:00:00 +01:00,69.0
IT,NO2,µg/m3,2020-02-28 22:00:00 +01:00,66.9
IT,NO2,µg/m3,2020-02-28 23:00:00 +01:00,63.1
IT,NO2,µg/m3,2020-02-29 00:00:00 +01:00,61.375
IT,NO2,µg/m3,2020-02-29 01:00:00 +01:00,57.5
IT,NO2,µg/m3,2020-02-29 02:00:00 +01:00,46.4
IT,NO2,µg/m3,2020-02-29 03:00:00 +01:00,36.5
IT,NO2,µg/m3,2020-02-29 04:00:00 +01:00,43.2
IT,NO2,µg/m3,2020-02-29 05:00:00 +01:00,44.8
IT,NO2,µg/m3,2020-02-29 06:00:00 +01:00,51.0
IT,NO2,µg/m3,2020-02-29 07:00:00 +01:00,55.7
IT,NO2,µg/m3,2020-02-29 08:00:00 +01:00,59.3
IT,NO2,µg/m3,2020-02-29 09:00:00 +01:00,55.1
IT,NO2,µg/m3,2020-02-29 10:00:00 +01:00,32.3
IT,NO2,µg/m3,2020-02-29 11:00:00 +01:00,22.7
IT,NO2,µg/m3,2020-02-29 12:00:00 +01:00,22.8
IT,NO2,µg/m3,2020-02-29 13:00:00 +01:00,21.8
IT,NO2,µg/m3,2020-02-29 14:00:00 +01:00,19.9
IT,NO2,µg/m3,2020-02-29 15:00:00 +01:00,20.7
IT,NO2,µg/m3,2020-02-29 16:00:00 +01:00,23.6
IT,NO2,µg/m3,2020-02-29 17:00:00 +01:00,28.6
IT,NO2,µg/m3,2020-02-29 18:00:00 +01:00,37.8
IT,NO2,µg/m3,2020-02-29 19:00:00 +01:00,47.6
IT,NO2,µg/m3,2020-02-29 20:00:00 +01:00,46.1
IT,NO2,µg/m3,2020-02-29 21:00:00 +01:00,45.9
IT,NO2,µg/m3,2020-02-29 22:00:00 +01:00,39.2
IT,NO2,µg/m3,2020-02-29 23:00:00 +01:00,36.6
IT,NO2,µg/m3,2020-03-01 00:00:00 +01:00,43.25
IT,NO2,µg/m3,2020-03-01 01:00:00 +01:00,31.1
IT,NO2,µg/m3,2020-03-01 02:00:00 +01:00,14.9
IT,NO2,µg/m3,2020-03-01 03:00:00 +01:00,8.5
IT,NO2,µg/m3,2020-03-01 04:00:00 +01:00,12.4
IT,NO2,µg/m3,2020-03-01 05:00:00 +01:00,10.6
IT,NO2,µg/m3,2020-03-01 06:00:00 +01:00,15.5
IT,NO2,µg/m3,2020-03-01 07:00:00 +01:00,18.7
IT,NO2,µg/m3,2020-03-01 08:00:00 +01:00,14.1
IT,NO2,µg/m3,2020-03-01 09:00:00 +01:00,14.0
IT,NO2,µg/m3,2020-03-01 10:00:00 +01:00,14.4
IT,NO2,µg/m3,2020-03-01 11:00:00 +01:00,14.8
IT,NO2,µg/m3,2020-03-01 12:00:00 +01:00,15.8
IT,NO2,µg/m3,2020-03-01 13:00:00 +01:00,15.2
IT,NO2,µg/m3,2020-03-01 14:00:00 +01:00,15.8
IT,NO2,µg/m3,2020-03-01 15:00:00 +01:00,20.2
IT,NO2,µg/m3,2020-03-01 16:00:00 +01:00,26.4
IT,NO2,µg/m3,2020-03-01 17:00:00 +01:00,25.7
IT,NO2,µg/m3,2020-03-01 18:00:00 +01:00,27.8
IT,NO2,µg/m3,2020-03-01 19:00:00 +01:00,25.6
IT,NO2,µg/m3,2020-03-01 20:00:00 +01:00,29.6
IT,NO2,µg/m3,2020-03-01 21:00:00 +01:00,30.1
IT,NO2,µg/m3,2020-03-01 22:00:00 +01:00,23.8
IT,NO2,µg/m3,2020-03-01 23:00:00 +01:00,15.6
IT,NO2,µg/m3,2020-03-02 00:00:00 +01:00,13.75
IT,NO2,µg/m3,2020-03-02 01:00:00 +01:00,17.5
IT,NO2,µg/m3,2020-03-02 02:00:00 +01:00,17.4
IT,NO2,µg/m3,2020-03-02 03:00:00 +01:00,8.0
IT,NO2,µg/m3,2020-03-02 04:00:00 +01:00,15.9
IT,NO2,µg/m3,2020-03-02 05:00:00 +01:00,27.3
IT,NO2,µg/m3,2020-03-02 06:00:00 +01:00,54.8
IT,NO2,µg/m3,2020-03-02 07:00:00 +01:00,73.5
IT,NO2,µg/m3,2020-03-02 08:00:00 +01:00,53.7
IT,NO2,µg/m3,2020-03-02 09:00:00 +01:00,30.4
IT,NO2,µg/m3,2020-03-02 10:00:00 +01:00,27.181818181818183
IT,NO2,µg/m3,2020-03-02 11:00:00 +01:00,23.0
IT,NO2,µg/m3,2020-03-02 12:00:00 +01:00,21.0
IT,NO2,µg/m3,2020-03-02 13:00:00 +01:00,20.181818181818183
IT,NO2,µg/m3,2020-03-02 14:00:00 +01:00,21.90909090909091
IT,NO2,µg/m3,2020-03-02 15:00:00 +01:00,25.545454545454547
IT,NO2,µg/m3,2020-03-02 16:00:00 +01:00,24.181818181818183
IT,NO2,µg/m3,2020-03-02 17:00:00 +01:00,22.454545454545453
IT,NO2,µg/m3,2020-03-02 18:00:00 +01:00,20.0
IT,NO2,µg/m3,2020-03-02 19:00:00 +01:00,20.90909090909091
IT,NO2,µg/m3,2020-03-02 20:00:00 +01:00,17.90909090909091
IT,NO2,µg/m3,2020-03-02 21:00:00 +01:00,14.272727272727273
IT,NO2,µg/m3,2020-03-02 22:00:00 +01:00,20.636363636363637
IT,NO2,µg/m3,2020-03-02 23:00:00 +01:00,14.181818181818182
IT,NO2,µg/m3,2020-03-03 00:00:00 +01:00,9.222222222222221
IT,NO2,µg/m3,2020-03-03 01:00:00 +01:00,7.363636363636363
IT,NO2,µg/m3,2020-03-03 02:00:00 +01:00,5.181818181818182
IT,NO2,µg/m3,2020-03-03 03:00:00 +01:00,4.0
IT,NO2,µg/m3,2020-03-03 04:00:00 +01:00,6.909090909090909
IT,NO2,µg/m3,2020-03-03 05:00:00 +01:00,12.545454545454545
IT,NO2,µg/m3,2020-03-03 06:00:00 +01:00,27.181818181818183
IT,NO2,µg/m3,2020-03-03 07:00:00 +01:00,33.36363636363637
IT,NO2,µg/m3,2020-03-03 08:00:00 +01:00,29.363636363636363
IT,NO2,µg/m3,2020-03-03 09:00:00 +01:00,23.727272727272727
IT,NO2,µg/m3,2020-03-03 10:00:00 +01:00,18.90909090909091
IT,NO2,µg/m3,2020-03-03 11:00:00 +01:00,17.636363636363637
IT,NO2,µg/m3,2020-03-03 12:00:00 +01:00,16.0
IT,NO2,µg/m3,2020-03-03 13:00:00 +01:00,16.454545454545453
IT,NO2,µg/m3,2020-03-03 14:00:00 +01:00,18.272727272727273
IT,NO2,µg/m3,2020-03-03 15:00:00 +01:00,21.09090909090909
IT,NO2,µg/m3,2020-03-03 16:00:00 +01:00,29.545454545454547
IT,NO2,µg/m3,2020-03-03 17:00:00 +01:00,44.0
IT,NO2,µg/m3,2020-03-03 18:00:00 +01:00,66.81818181818181
IT,NO2,µg/m3,2020-03-03 19:00:00 +01:00,72.0909090909091
IT,NO2,µg/m3,2020-03-03 20:00:00 +01:00,59.45454545454545
IT,NO2,µg/m3,2020-03-03 21:00:00 +01:00,48.36363636363637
IT,NO2,µg/m3,2020-03-03 22:00:00 +01:00,40.09090909090909
IT,NO2,µg/m3,2020-03-03 23:00:00 +01:00,30.545454545454547
IT,NO2,µg/m3,2020-03-04 00:00:00 +01:00,22.88888888888889
IT,NO2,µg/m3,2020-03-04 01:00:00 +01:00,16.818181818181817
IT,NO2,µg/m3,2020-03-04 02:00:00 +01:00,14.727272727272727
IT,NO2,µg/m3,2020-03-04 03:00:00 +01:00,19.5
IT,NO2,µg/m3,2020-03-04 04:00:00 +01:00,25.818181818181817
IT,NO2,µg/m3,2020-03-04 05:00:00 +01:00,32.63636363636363
IT,NO2,µg/m3,2020-03-04 06:00:00 +01:00,49.09090909090909
IT,NO2,µg/m3,2020-03-04 07:00:00 +01:00,53.54545454545455
IT,NO2,µg/m3,2020-03-04 08:00:00 +01:00,56.0
IT,NO2,µg/m3,2020-03-04 09:00:00 +01:00,42.90909090909091
IT,NO2,µg/m3,2020-03-04 10:00:00 +01:00,36.45454545454545
IT,NO2,µg/m3,2020-03-04 11:00:00 +01:00,29.09090909090909
IT,NO2,µg/m3,2020-03-04 12:00:00 +01:00,22.2
IT,NO2,µg/m3,2020-03-04 13:00:00 +01:00,21.727272727272727
IT,NO2,µg/m3,2020-03-04 14:00:00 +01:00,21.181818181818183
IT,NO2,µg/m3,2020-03-04 15:00:00 +01:00,29.181818181818183
IT,NO2,µg/m3,2020-03-04 16:00:00 +01:00,33.63636363636363
IT,NO2,µg/m3,2020-03-04 17:00:00 +01:00,33.27272727272727
IT,NO2,µg/m3,2020-03-04 18:00:00 +01:00,53.72727272727273
IT,NO2,µg/m3,2020-03-04 19:00:00 +01:00,49.90909090909091
IT,NO2,µg/m3,2020-03-04 20:00:00 +01:00,41.45454545454545
IT,NO2,µg/m3,2020-03-04 21:00:00 +01:00,36.0
IT,NO2,µg/m3,2020-03-04 22:00:00 +01:00,34.90909090909091
IT,NO2,µg/m3,2020-03-04 23:00:00 +01:00,35.27272727272727
IT,NO2,µg/m3,2020-03-05 00:00:00 +01:00,33.333333333333336
IT,NO2,µg/m3,2020-03-05 01:00:00 +01:00,26.363636363636363
IT,NO2,µg/m3,2020-03-05 02:00:00 +01:00,24.272727272727273
IT,NO2,µg/m3,2020-03-05 03:00:00 +01:00,26.5
IT,NO2,µg/m3,2020-03-05 04:00:00 +01:00,30.545454545454547
IT,NO2,µg/m3,2020-03-05 05:00:00 +01:00,35.36363636363637
IT,NO2,µg/m3,2020-03-05 06:00:00 +01:00,43.36363636363637
IT,NO2,µg/m3,2020-03-05 07:00:00 +01:00,48.45454545454545
IT,NO2,µg/m3,2020-03-05 08:00:00 +01:00,47.45454545454545
IT,NO2,µg/m3,2020-03-05 09:00:00 +01:00,39.0
IT,NO2,µg/m3,2020-03-05 10:00:00 +01:00,36.18181818181818
IT,NO2,µg/m3,2020-03-05 11:00:00 +01:00,37.0
IT,NO2,µg/m3,2020-03-05 12:00:00 +01:00,33.36363636363637
IT,NO2,µg/m3,2020-03-05 13:00:00 +01:00,33.18181818181818
IT,NO2,µg/m3,2020-03-05 14:00:00 +01:00,30.09090909090909
IT,NO2,µg/m3,2020-03-05 15:00:00 +01:00,31.636363636363637
IT,NO2,µg/m3,2020-03-05 16:00:00 +01:00,32.0
IT,NO2,µg/m3,2020-03-05 17:00:00 +01:00,37.81818181818182
IT,NO2,µg/m3,2020-03-05 18:00:00 +01:00,39.63636363636363
IT,NO2,µg/m3,2020-03-05 19:00:00 +01:00,36.81818181818182
IT,NO2,µg/m3,2020-03-05 20:00:00 +01:00,33.0
IT,NO2,µg/m3,2020-03-05 21:00:00 +01:00,22.454545454545453
IT,NO2,µg/m3,2020-03-05 22:00:00 +01:00,14.545454545454545
IT,NO2,µg/m3,2020-03-05 23:00:00 +01:00,10.909090909090908
IT,NO2,µg/m3,2020-03-06 00:00:00 +01:00,9.444444444444445
IT,NO2,µg/m3,2020-03-06 01:00:00 +01:00,5.909090909090909
IT,NO2,µg/m3,2020-03-06 02:00:00 +01:00,4.363636363636363
IT,NO2,µg/m3,2020-03-06 03:00:00 +01:00,3.5
IT,NO2,µg/m3,2020-03-06 04:00:00 +01:00,8.0
IT,NO2,µg/m3,2020-03-06 05:00:00 +01:00,14.545454545454545
IT,NO2,µg/m3,2020-03-06 06:00:00 +01:00,40.36363636363637
IT,NO2,µg/m3,2020-03-06 07:00:00 +01:00,58.0
IT,NO2,µg/m3,2020-03-06 08:00:00 +01:00,43.6
IT,NO2,µg/m3,2020-03-06 09:00:00 +01:00,27.2
IT,NO2,µg/m3,2020-03-06 10:00:00 +01:00,24.3
IT,NO2,µg/m3,2020-03-06 11:00:00 +01:00,21.181818181818183
IT,NO2,µg/m3,2020-03-06 12:00:00 +01:00,21.6
IT,NO2,µg/m3,2020-03-06 13:00:00 +01:00,20.1
IT,NO2,µg/m3,2020-03-06 14:00:00 +01:00,15.4
IT,NO2,µg/m3,2020-03-06 15:00:00 +01:00,19.0
IT,NO2,µg/m3,2020-03-06 16:00:00 +01:00,23.2
IT,NO2,µg/m3,2020-03-06 17:00:00 +01:00,26.7
IT,NO2,µg/m3,2020-03-06 18:00:00 +01:00,33.0
IT,NO2,µg/m3,2020-03-06 19:00:00 +01:00,44.3
IT,NO2,µg/m3,2020-03-06 20:00:00 +01:00,46.5
IT,NO2,µg/m3,2020-03-06 21:00:00 +01:00,37.4
IT,NO2,µg/m3,2020-03-06 22:00:00 +01:00,39.6
IT,NO2,µg/m3,2020-03-06 23:00:00 +01:00,46.6
IT,NO2,µg/m3,2020-03-07 00:00:00 +01:00,44.888888888888886
IT,NO2,µg/m3,2020-03-07 01:00:00 +01:00,41.9
IT,NO2,µg/m3,2020-03-07 02:00:00 +01:00,37.1
IT,NO2,µg/m3,2020-03-07 03:00:00 +01:00,26.0
IT,NO2,µg/m3,2020-03-07 04:00:00 +01:00,29.1
IT,NO2,µg/m3,2020-03-07 05:00:00 +01:00,32.9
IT,NO2,µg/m3,2020-03-07 06:00:00 +01:00,44.5
IT,NO2,µg/m3,2020-03-07 07:00:00 +01:00,44.8
IT,NO2,µg/m3,2020-03-07 08:00:00 +01:00,39.0
IT,NO2,µg/m3,2020-03-07 09:00:00 +01:00,33.1
IT,NO2,µg/m3,2020-03-07 10:00:00 +01:00,28.0
IT,NO2,µg/m3,2020-03-07 11:00:00 +01:00,21.6
IT,NO2,µg/m3,2020-03-07 12:00:00 +01:00,20.6
IT,NO2,µg/m3,2020-03-07 13:00:00 +01:00,18.0
IT,NO2,µg/m3,2020-03-07 14:00:00 +01:00,15.818181818181818
IT,NO2,µg/m3,2020-03-07 15:00:00 +01:00,17.09090909090909
IT,NO2,µg/m3,2020-03-07 16:00:00 +01:00,25.272727272727273
IT,NO2,µg/m3,2020-03-07 17:00:00 +01:00,33.90909090909091
IT,NO2,µg/m3,2020-03-07 18:00:00 +01:00,29.90909090909091
IT,NO2,µg/m3,2020-03-07 19:00:00 +01:00,35.81818181818182
IT,NO2,µg/m3,2020-03-07 20:00:00 +01:00,42.09090909090909
IT,NO2,µg/m3,2020-03-07 21:00:00 +01:00,36.36363636363637
IT,NO2,µg/m3,2020-03-07 22:00:00 +01:00,32.63636363636363
IT,NO2,µg/m3,2020-03-07 23:00:00 +01:00,29.09090909090909
IT,NO2,µg/m3,2020-03-08 00:00:00 +01:00,32.44444444444444
IT,NO2,µg/m3,2020-03-08 01:00:00 +01:00,26.09090909090909
IT,NO2,µg/m3,2020-03-08 02:00:00 +01:00,22.454545454545453
IT,NO2,µg/m3,2020-03-08 03:00:00 +01:00,23.5
IT,NO2,µg/m3,2020-03-08 04:00:00 +01:00,22.454545454545453
IT,NO2,µg/m3,2020-03-08 05:00:00 +01:00,23.272727272727273
IT,NO2,µg/m3,2020-03-08 06:00:00 +01:00,33.18181818181818
IT,NO2,µg/m3,2020-03-08 07:00:00 +01:00,34.0
IT,NO2,µg/m3,2020-03-08 08:00:00 +01:00,25.363636363636363
IT,NO2,µg/m3,2020-03-08 09:00:00 +01:00,19.272727272727273
IT,NO2,µg/m3,2020-03-08 10:00:00 +01:00,14.818181818181818
IT,NO2,µg/m3,2020-03-08 11:00:00 +01:00,13.636363636363637
IT,NO2,µg/m3,2020-03-08 12:00:00 +01:00,13.545454545454545
IT,NO2,µg/m3,2020-03-08 13:00:00 +01:00,11.454545454545455
IT,NO2,µg/m3,2020-03-08 14:00:00 +01:00,10.363636363636363
IT,NO2,µg/m3,2020-03-08 15:00:00 +01:00,11.545454545454545
IT,NO2,µg/m3,2020-03-08 16:00:00 +01:00,14.727272727272727
IT,NO2,µg/m3,2020-03-08 17:00:00 +01:00,18.636363636363637
IT,NO2,µg/m3,2020-03-08 18:00:00 +01:00,24.272727272727273
IT,NO2,µg/m3,2020-03-08 19:00:00 +01:00,25.09090909090909
IT,NO2,µg/m3,2020-03-08 20:00:00 +01:00,25.727272727272727
IT,NO2,µg/m3,2020-03-08 21:00:00 +01:00,27.272727272727273
IT,NO2,µg/m3,2020-03-08 22:00:00 +01:00,26.363636363636363
IT,NO2,µg/m3,2020-03-08 23:00:00 +01:00,28.727272727272727
IT,NO2,µg/m3,2020-03-09 00:00:00 +01:00,32.44444444444444
IT,NO2,µg/m3,2020-03-09 01:00:00 +01:00,26.636363636363637
IT,NO2,µg/m3,2020-03-09 02:00:00 +01:00,22.636363636363637
IT,NO2,µg/m3,2020-03-09 03:00:00 +01:00,20.0
IT,NO2,µg/m3,2020-03-09 04:00:00 +01:00,28.181818181818183
IT,NO2,µg/m3,2020-03-09 05:00:00 +01:00,38.45454545454545
IT,NO2,µg/m3,2020-03-09 06:00:00 +01:00,54.0
IT,NO2,µg/m3,2020-03-09 07:00:00 +01:00,63.09090909090909
IT,NO2,µg/m3,2020-03-09 08:00:00 +01:00,59.09090909090909
IT,NO2,µg/m3,2020-03-09 09:00:00 +01:00,53.63636363636363
IT,NO2,µg/m3,2020-03-09 10:00:00 +01:00,49.72727272727273
IT,NO2,µg/m3,2020-03-09 11:00:00 +01:00,37.09090909090909
IT,NO2,µg/m3,2020-03-09 12:00:00 +01:00,28.181818181818183
IT,NO2,µg/m3,2020-03-09 13:00:00 +01:00,24.09090909090909
IT,NO2,µg/m3,2020-03-09 14:00:00 +01:00,23.363636363636363
IT,NO2,µg/m3,2020-03-09 15:00:00 +01:00,28.0
IT,NO2,µg/m3,2020-03-09 16:00:00 +01:00,29.727272727272727
IT,NO2,µg/m3,2020-03-09 17:00:00 +01:00,31.727272727272727
IT,NO2,µg/m3,2020-03-09 18:00:00 +01:00,34.90909090909091
IT,NO2,µg/m3,2020-03-09 19:00:00 +01:00,39.0
IT,NO2,µg/m3,2020-03-09 20:00:00 +01:00,37.36363636363637
IT,NO2,µg/m3,2020-03-09 21:00:00 +01:00,43.72727272727273
IT,NO2,µg/m3,2020-03-09 22:00:00 +01:00,46.0
IT,NO2,µg/m3,2020-03-09 23:00:00 +01:00,41.72727272727273
IT,NO2,µg/m3,2020-03-10 00:00:00 +01:00,36.111111111111114
IT,NO2,µg/m3,2020-03-10 01:00:00 +01:00,32.18181818181818
IT,NO2,µg/m3,2020-03-10 02:00:00 +01:00,28.272727272727273
IT,NO2,µg/m3,2020-03-10 03:00:00 +01:00,23.0
IT,NO2,µg/m3,2020-03-10 04:00:00 +01:00,25.454545454545453
IT,NO2,µg/m3,2020-03-10 05:00:00 +01:00,34.54545454545455
IT,NO2,µg/m3,2020-03-10 06:00:00 +01:00,50.0
IT,NO2,µg/m3,2020-03-10 07:00:00 +01:00,58.72727272727273
IT,NO2,µg/m3,2020-03-10 08:00:00 +01:00,49.90909090909091
IT,NO2,µg/m3,2020-03-10 09:00:00 +01:00,34.45454545454545
IT,NO2,µg/m3,2020-03-10 10:00:00 +01:00,29.272727272727273
IT,NO2,µg/m3,2020-03-10 11:00:00 +01:00,23.181818181818183
IT,NO2,µg/m3,2020-03-10 12:00:00 +01:00,21.727272727272727
IT,NO2,µg/m3,2020-03-10 13:00:00 +01:00,19.09090909090909
IT,NO2,µg/m3,2020-03-10 14:00:00 +01:00,16.454545454545453
IT,NO2,µg/m3,2020-03-10 15:00:00 +01:00,19.454545454545453
IT,NO2,µg/m3,2020-03-10 16:00:00 +01:00,22.09090909090909
IT,NO2,µg/m3,2020-03-10 17:00:00 +01:00,25.0
IT,NO2,µg/m3,2020-03-10 18:00:00 +01:00,32.81818181818182
IT,NO2,µg/m3,2020-03-10 19:00:00 +01:00,43.27272727272727
IT,NO2,µg/m3,2020-03-10 20:00:00 +01:00,57.45454545454545
IT,NO2,µg/m3,2020-03-10 21:00:00 +01:00,67.54545454545455
IT,NO2,µg/m3,2020-03-10 22:00:00 +01:00,60.54545454545455
IT,NO2,µg/m3,2020-03-10 23:00:00 +01:00,55.36363636363637
IT,NO2,µg/m3,2020-03-11 00:00:00 +01:00,47.0
IT,NO2,µg/m3,2020-03-11 01:00:00 +01:00,42.90909090909091
IT,NO2,µg/m3,2020-03-11 02:00:00 +01:00,35.90909090909091
IT,NO2,µg/m3,2020-03-11 03:00:00 +01:00,36.5
IT,NO2,µg/m3,2020-03-11 04:00:00 +01:00,32.54545454545455
IT,NO2,µg/m3,2020-03-11 05:00:00 +01:00,35.27272727272727
IT,NO2,µg/m3,2020-03-11 06:00:00 +01:00,42.45454545454545
IT,NO2,µg/m3,2020-03-11 07:00:00 +01:00,45.18181818181818
IT,NO2,µg/m3,2020-03-11 08:00:00 +01:00,45.81818181818182
IT,NO2,µg/m3,2020-03-11 09:00:00 +01:00,46.09090909090909
IT,NO2,µg/m3,2020-03-11 10:00:00 +01:00,42.72727272727273
IT,NO2,µg/m3,2020-03-11 11:00:00 +01:00,31.09090909090909
IT,NO2,µg/m3,2020-03-11 12:00:00 +01:00,23.727272727272727
IT,NO2,µg/m3,2020-03-11 13:00:00 +01:00,21.363636363636363
IT,NO2,µg/m3,2020-03-11 14:00:00 +01:00,19.181818181818183
IT,NO2,µg/m3,2020-03-11 15:00:00 +01:00,18.727272727272727
IT,NO2,µg/m3,2020-03-11 16:00:00 +01:00,19.454545454545453
IT,NO2,µg/m3,2020-03-11 17:00:00 +01:00,26.0
IT,NO2,µg/m3,2020-03-11 18:00:00 +01:00,31.272727272727273
IT,NO2,µg/m3,2020-03-11 19:00:00 +01:00,43.63636363636363
IT,NO2,µg/m3,2020-03-11 20:00:00 +01:00,50.18181818181818
IT,NO2,µg/m3,2020-03-11 21:00:00 +01:00,50.81818181818182
IT,NO2,µg/m3,2020-03-11 22:00:00 +01:00,27.818181818181817
IT,NO2,µg/m3,2020-03-11 23:00:00 +01:00,19.272727272727273
IT,NO2,µg/m3,2020-03-12 00:00:00 +01:00,23.11111111111111
IT,NO2,µg/m3,2020-03-12 01:00:00 +01:00,25.0
IT,NO2,µg/m3,2020-03-12 02:00:00 +01:00,26.90909090909091
IT,NO2,µg/m3,2020-03-12 03:00:00 +01:00,25.5
IT,NO2,µg/m3,2020-03-12 04:00:00 +01:00,30.272727272727273
IT,NO2,µg/m3,2020-03-12 05:00:00 +01:00,32.63636363636363
IT,NO2,µg/m3,2020-03-12 06:00:00 +01:00,43.63636363636363
IT,NO2,µg/m3,2020-03-12 07:00:00 +01:00,49.63636363636363
IT,NO2,µg/m3,2020-03-12 08:00:00 +01:00,50.18181818181818
IT,NO2,µg/m3,2020-03-12 09:00:00 +01:00,44.63636363636363
IT,NO2,µg/m3,2020-03-12 10:00:00 +01:00,29.818181818181817
IT,NO2,µg/m3,2020-03-12 11:00:00 +01:00,19.181818181818183
IT,NO2,µg/m3,2020-03-12 12:00:00 +01:00,15.727272727272727
IT,NO2,µg/m3,2020-03-12 13:00:00 +01:00,14.0
IT,NO2,µg/m3,2020-03-12 14:00:00 +01:00,13.818181818181818
IT,NO2,µg/m3,2020-03-12 15:00:00 +01:00,16.636363636363637
IT,NO2,µg/m3,2020-03-12 16:00:00 +01:00,16.181818181818183
IT,NO2,µg/m3,2020-03-12 17:00:00 +01:00,19.363636363636363
IT,NO2,µg/m3,2020-03-12 18:00:00 +01:00,28.181818181818183
IT,NO2,µg/m3,2020-03-12 19:00:00 +01:00,30.09090909090909
IT,NO2,µg/m3,2020-03-12 20:00:00 +01:00,36.90909090909091
IT,NO2,µg/m3,2020-03-12 21:00:00 +01:00,47.81818181818182
IT,NO2,µg/m3,2020-03-12 22:00:00 +01:00,48.27272727272727
IT,NO2,µg/m3,2020-03-12 23:00:00 +01:00,48.0
IT,NO2,µg/m3,2020-03-13 00:00:00 +01:00,40.888888888888886
IT,NO2,µg/m3,2020-03-13 01:00:00 +01:00,42.36363636363637
IT,NO2,µg/m3,2020-03-13 02:00:00 +01:00,36.27272727272727
IT,NO2,µg/m3,2020-03-13 03:00:00 +01:00,32.0
IT,NO2,µg/m3,2020-03-13 04:00:00 +01:00,31.363636363636363
IT,NO2,µg/m3,2020-03-13 05:00:00 +01:00,36.63636363636363
IT,NO2,µg/m3,2020-03-13 06:00:00 +01:00,42.81818181818182
IT,NO2,µg/m3,2020-03-13 07:00:00 +01:00,45.54545454545455
IT,NO2,µg/m3,2020-03-13 08:00:00 +01:00,43.27272727272727
IT,NO2,µg/m3,2020-03-13 09:00:00 +01:00,43.4
IT,NO2,µg/m3,2020-03-13 10:00:00 +01:00,40.9
IT,NO2,µg/m3,2020-03-13 11:00:00 +01:00,34.18181818181818
IT,NO2,µg/m3,2020-03-13 12:00:00 +01:00,26.727272727272727
IT,NO2,µg/m3,2020-03-13 13:00:00 +01:00,25.09090909090909
IT,NO2,µg/m3,2020-03-13 14:00:00 +01:00,21.0
IT,NO2,µg/m3,2020-03-13 15:00:00 +01:00,20.636363636363637
IT,NO2,µg/m3,2020-03-13 16:00:00 +01:00,22.09090909090909
IT,NO2,µg/m3,2020-03-13 17:00:00 +01:00,22.727272727272727
IT,NO2,µg/m3,2020-03-13 18:00:00 +01:00,27.727272727272727
IT,NO2,µg/m3,2020-03-13 19:00:00 +01:00,27.181818181818183
IT,NO2,µg/m3,2020-03-13 20:00:00 +01:00,30.818181818181817
IT,NO2,µg/m3,2020-03-13 21:00:00 +01:00,32.63636363636363
IT,NO2,µg/m3,2020-03-13 22:00:00 +01:00,32.72727272727273
IT,NO2,µg/m3,2020-03-13 23:00:00 +01:00,27.0
IT,NO2,µg/m3,2020-03-14 00:00:00 +01:00,18.333333333333332
IT,NO2,µg/m3,2020-03-14 01:00:00 +01:00,15.727272727272727
IT,NO2,µg/m3,2020-03-14 02:00:00 +01:00,14.1
IT,NO2,µg/m3,2020-03-14 03:00:00 +01:00,8.5
IT,NO2,µg/m3,2020-03-14 04:00:00 +01:00,17.6
IT,NO2,µg/m3,2020-03-14 05:00:00 +01:00,22.0
IT,NO2,µg/m3,2020-03-14 06:00:00 +01:00,35.3
IT,NO2,µg/m3,2020-03-14 07:00:00 +01:00,33.5
IT,NO2,µg/m3,2020-03-14 08:00:00 +01:00,31.1
IT,NO2,µg/m3,2020-03-14 09:00:00 +01:00,26.2
IT,NO2,µg/m3,2020-03-14 10:00:00 +01:00,23.4
IT,NO2,µg/m3,2020-03-14 11:00:00 +01:00,20.636363636363637
IT,NO2,µg/m3,2020-03-14 12:00:00 +01:00,19.545454545454547
IT,NO2,µg/m3,2020-03-14 13:00:00 +01:00,18.181818181818183
IT,NO2,µg/m3,2020-03-14 14:00:00 +01:00,17.636363636363637
IT,NO2,µg/m3,2020-03-14 15:00:00 +01:00,17.545454545454547
IT,NO2,µg/m3,2020-03-14 16:00:00 +01:00,17.90909090909091
IT,NO2,µg/m3,2020-03-14 17:00:00 +01:00,19.636363636363637
IT,NO2,µg/m3,2020-03-14 18:00:00 +01:00,24.90909090909091
IT,NO2,µg/m3,2020-03-14 19:00:00 +01:00,32.18181818181818
IT,NO2,µg/m3,2020-03-14 20:00:00 +01:00,32.18181818181818
IT,NO2,µg/m3,2020-03-14 21:00:00 +01:00,27.818181818181817
IT,NO2,µg/m3,2020-03-14 22:00:00 +01:00,20.727272727272727
IT,NO2,µg/m3,2020-03-14 23:00:00 +01:00,15.727272727272727
IT,NO2,µg/m3,2020-03-15 00:00:00 +01:00,12.88888888888889
IT,NO2,µg/m3,2020-03-15 01:00:00 +01:00,8.181818181818182
IT,NO2,µg/m3,2020-03-15 02:00:00 +01:00,6.454545454545454
IT,NO2,µg/m3,2020-03-15 03:00:00 +01:00,5.0
IT,NO2,µg/m3,2020-03-15 04:00:00 +01:00,9.181818181818182
IT,NO2,µg/m3,2020-03-15 05:00:00 +01:00,13.727272727272727
IT,NO2,µg/m3,2020-03-15 06:00:00 +01:00,19.272727272727273
IT,NO2,µg/m3,2020-03-15 07:00:00 +01:00,17.727272727272727
IT,NO2,µg/m3,2020-03-15 08:00:00 +01:00,13.454545454545455
IT,NO2,µg/m3,2020-03-15 09:00:00 +01:00,10.272727272727273
IT,NO2,µg/m3,2020-03-15 10:00:00 +01:00,9.545454545454545
IT,NO2,µg/m3,2020-03-15 11:00:00 +01:00,8.636363636363637
IT,NO2,µg/m3,2020-03-15 12:00:00 +01:00,8.272727272727273
IT,NO2,µg/m3,2020-03-15 13:00:00 +01:00,8.545454545454545
IT,NO2,µg/m3,2020-03-15 14:00:00 +01:00,9.181818181818182
IT,NO2,µg/m3,2020-03-15 15:00:00 +01:00,7.545454545454546
IT,NO2,µg/m3,2020-03-15 16:00:00 +01:00,8.454545454545455
IT,NO2,µg/m3,2020-03-15 17:00:00 +01:00,10.181818181818182
IT,NO2,µg/m3,2020-03-15 18:00:00 +01:00,16.272727272727273
IT,NO2,µg/m3,2020-03-15 19:00:00 +01:00,27.272727272727273
IT,NO2,µg/m3,2020-03-15 20:00:00 +01:00,36.0
IT,NO2,µg/m3,2020-03-15 21:00:00 +01:00,38.63636363636363
IT,NO2,µg/m3,2020-03-15 22:00:00 +01:00,26.636363636363637
IT,NO2,µg/m3,2020-03-15 23:00:00 +01:00,14.727272727272727
IT,NO2,µg/m3,2020-03-16 00:00:00 +01:00,13.666666666666666
IT,NO2,µg/m3,2020-03-16 01:00:00 +01:00,13.272727272727273
IT,NO2,µg/m3,2020-03-16 02:00:00 +01:00,11.090909090909092
IT,NO2,µg/m3,2020-03-16 03:00:00 +01:00,12.5
IT,NO2,µg/m3,2020-03-16 04:00:00 +01:00,16.818181818181817
IT,NO2,µg/m3,2020-03-16 05:00:00 +01:00,25.272727272727273
IT,NO2,µg/m3,2020-03-16 06:00:00 +01:00,40.90909090909091
IT,NO2,µg/m3,2020-03-16 07:00:00 +01:00,42.27272727272727
IT,NO2,µg/m3,2020-03-16 08:00:00 +01:00,37.18181818181818
IT,NO2,µg/m3,2020-03-16 09:00:00 +01:00,29.363636363636363
IT,NO2,µg/m3,2020-03-16 10:00:00 +01:00,20.818181818181817
IT,NO2,µg/m3,2020-03-16 11:00:00 +01:00,17.727272727272727
IT,NO2,µg/m3,2020-03-16 12:00:00 +01:00,14.0
IT,NO2,µg/m3,2020-03-16 13:00:00 +01:00,12.909090909090908
IT,NO2,µg/m3,2020-03-16 14:00:00 +01:00,14.090909090909092
IT,NO2,µg/m3,2020-03-16 15:00:00 +01:00,14.7
IT,NO2,µg/m3,2020-03-16 16:00:00 +01:00,16.7
IT,NO2,µg/m3,2020-03-16 17:00:00 +01:00,17.0
IT,NO2,µg/m3,2020-03-16 18:00:00 +01:00,26.0
IT,NO2,µg/m3,2020-03-16 19:00:00 +01:00,46.0
IT,NO2,µg/m3,2020-03-16 20:00:00 +01:00,60.27272727272727
IT,NO2,µg/m3,2020-03-16 21:00:00 +01:00,55.63636363636363
IT,NO2,µg/m3,2020-03-16 22:00:00 +01:00,46.90909090909091
IT,NO2,µg/m3,2020-03-16 23:00:00 +01:00,36.90909090909091
IT,NO2,µg/m3,2020-03-17 00:00:00 +01:00,36.0
IT,NO2,µg/m3,2020-03-17 01:00:00 +01:00,27.363636363636363
IT,NO2,µg/m3,2020-03-17 02:00:00 +01:00,21.454545454545453
IT,NO2,µg/m3,2020-03-17 03:00:00 +01:00,22.5
IT,NO2,µg/m3,2020-03-17 04:00:00 +01:00,23.363636363636363
IT,NO2,µg/m3,2020-03-17 05:00:00 +01:00,28.727272727272727
IT,NO2,µg/m3,2020-03-17 06:00:00 +01:00,43.36363636363637
IT,NO2,µg/m3,2020-03-17 07:00:00 +01:00,48.27272727272727
IT,NO2,µg/m3,2020-03-17 08:00:00 +01:00,39.0
IT,NO2,µg/m3,2020-03-17 09:00:00 +01:00,34.0
IT,NO2,µg/m3,2020-03-17 10:00:00 +01:00,30.636363636363637
IT,NO2,µg/m3,2020-03-17 11:00:00 +01:00,26.0
IT,NO2,µg/m3,2020-03-17 12:00:00 +01:00,21.90909090909091
IT,NO2,µg/m3,2020-03-17 13:00:00 +01:00,20.636363636363637
IT,NO2,µg/m3,2020-03-17 14:00:00 +01:00,17.90909090909091
IT,NO2,µg/m3,2020-03-17 15:00:00 +01:00,16.727272727272727
IT,NO2,µg/m3,2020-03-17 16:00:00 +01:00,18.363636363636363
IT,NO2,µg/m3,2020-03-17 17:00:00 +01:00,18.818181818181817
IT,NO2,µg/m3,2020-03-17 18:00:00 +01:00,21.90909090909091
IT,NO2,µg/m3,2020-03-17 19:00:00 +01:00,31.727272727272727
IT,NO2,µg/m3,2020-03-17 20:00:00 +01:00,42.81818181818182
IT,NO2,µg/m3,2020-03-17 21:00:00 +01:00,52.0
IT,NO2,µg/m3,2020-03-17 22:00:00 +01:00,52.27272727272727
IT,NO2,µg/m3,2020-03-17 23:00:00 +01:00,48.90909090909091
IT,NO2,µg/m3,2020-03-18 00:00:00 +01:00,37.22222222222222
IT,NO2,µg/m3,2020-03-18 01:00:00 +01:00,32.09090909090909
IT,NO2,µg/m3,2020-03-18 02:00:00 +01:00,23.181818181818183
IT,NO2,µg/m3,2020-03-18 03:00:00 +01:00,20.0
IT,NO2,µg/m3,2020-03-18 04:00:00 +01:00,23.90909090909091
IT,NO2,µg/m3,2020-03-18 05:00:00 +01:00,28.0
IT,NO2,µg/m3,2020-03-18 06:00:00 +01:00,38.90909090909091
IT,NO2,µg/m3,2020-03-18 07:00:00 +01:00,42.81818181818182
IT,NO2,µg/m3,2020-03-18 08:00:00 +01:00,39.81818181818182
IT,NO2,µg/m3,2020-03-18 09:00:00 +01:00,30.181818181818183
IT,NO2,µg/m3,2020-03-18 10:00:00 +01:00,26.0
IT,NO2,µg/m3,2020-03-18 11:00:00 +01:00,23.09090909090909
IT,NO2,µg/m3,2020-03-18 12:00:00 +01:00,20.454545454545453
IT,NO2,µg/m3,2020-03-18 13:00:00 +01:00,19.181818181818183
IT,NO2,µg/m3,2020-03-18 14:00:00 +01:00,17.727272727272727
IT,NO2,µg/m3,2020-03-18 15:00:00 +01:00,17.636363636363637
IT,NO2,µg/m3,2020-03-18 16:00:00 +01:00,18.272727272727273
IT,NO2,µg/m3,2020-03-18 17:00:00 +01:00,20.454545454545453
IT,NO2,µg/m3,2020-03-18 18:00:00 +01:00,30.454545454545453
IT,NO2,µg/m3,2020-03-18 19:00:00 +01:00,49.45454545454545
IT,NO2,µg/m3,2020-03-18 20:00:00 +01:00,68.9090909090909
IT,NO2,µg/m3,2020-03-18 21:00:00 +01:00,71.54545454545455
IT,NO2,µg/m3,2020-03-18 22:00:00 +01:00,64.72727272727273
IT,NO2,µg/m3,2020-03-18 23:00:00 +01:00,56.0
IT,NO2,µg/m3,2020-03-19 00:00:00 +01:00,48.22222222222222
IT,NO2,µg/m3,2020-03-19 01:00:00 +01:00,35.0
IT,NO2,µg/m3,2020-03-19 02:00:00 +01:00,26.0
IT,NO2,µg/m3,2020-03-19 03:00:00 +01:00,25.5
IT,NO2,µg/m3,2020-03-19 04:00:00 +01:00,29.0
IT,NO2,µg/m3,2020-03-19 05:00:00 +01:00,34.27272727272727
IT,NO2,µg/m3,2020-03-19 06:00:00 +01:00,42.45454545454545
IT,NO2,µg/m3,2020-03-19 07:00:00 +01:00,47.90909090909091
IT,NO2,µg/m3,2020-03-19 08:00:00 +01:00,46.45454545454545
IT,NO2,µg/m3,2020-03-19 09:00:00 +01:00,41.0
IT,NO2,µg/m3,2020-03-19 10:00:00 +01:00,35.72727272727273
IT,NO2,µg/m3,2020-03-19 11:00:00 +01:00,28.454545454545453
IT,NO2,µg/m3,2020-03-19 12:00:00 +01:00,19.272727272727273
IT,NO2,µg/m3,2020-03-19 13:00:00 +01:00,14.0
IT,NO2,µg/m3,2020-03-19 14:00:00 +01:00,13.454545454545455
IT,NO2,µg/m3,2020-03-19 15:00:00 +01:00,13.454545454545455
IT,NO2,µg/m3,2020-03-19 16:00:00 +01:00,16.454545454545453
IT,NO2,µg/m3,2020-03-19 17:00:00 +01:00,19.181818181818183
IT,NO2,µg/m3,2020-03-19 18:00:00 +01:00,22.0
IT,NO2,µg/m3,2020-03-19 19:00:00 +01:00,32.27272727272727
IT,NO2,µg/m3,2020-03-19 20:00:00 +01:00,53.45454545454545
IT,NO2,µg/m3,2020-03-19 21:00:00 +01:00,68.72727272727273
IT,NO2,µg/m3,2020-03-19 22:00:00 +01:00,63.09090909090909
IT,NO2,µg/m3,2020-03-19 23:00:00 +01:00,53.45454545454545
IT,NO2,µg/m3,2020-03-20 00:00:00 +01:00,46.44444444444444
IT,NO2,µg/m3,2020-03-20 01:00:00 +01:00,43.0
IT,NO2,µg/m3,2020-03-20 02:00:00 +01:00,35.63636363636363
IT,NO2,µg/m3,2020-03-20 03:00:00 +01:00,36.0
IT,NO2,µg/m3,2020-03-20 04:00:00 +01:00,29.09090909090909
IT,NO2,µg/m3,2020-03-20 05:00:00 +01:00,33.18181818181818
IT,NO2,µg/m3,2020-03-20 06:00:00 +01:00,40.72727272727273
IT,NO2,µg/m3,2020-03-20 07:00:00 +01:00,46.54545454545455
IT,NO2,µg/m3,2020-03-20 08:00:00 +01:00,45.45454545454545
IT,NO2,µg/m3,2020-03-20 09:00:00 +01:00,38.81818181818182
IT,NO2,µg/m3,2020-03-20 10:00:00 +01:00,35.72727272727273
IT,NO2,µg/m3,2020-03-20 11:00:00 +01:00,30.636363636363637
IT,NO2,µg/m3,2020-03-20 12:00:00 +01:00,22.90909090909091
IT,NO2,µg/m3,2020-03-20 13:00:00 +01:00,18.272727272727273
IT,NO2,µg/m3,2020-03-20 14:00:00 +01:00,14.5
IT,NO2,µg/m3,2020-03-20 15:00:00 +01:00,12.0
IT,NO2,µg/m3,2020-03-20 16:00:00 +01:00,14.6
IT,NO2,µg/m3,2020-03-20 17:00:00 +01:00,17.3
IT,NO2,µg/m3,2020-03-20 18:00:00 +01:00,25.9
IT,NO2,µg/m3,2020-03-20 19:00:00 +01:00,39.90909090909091
IT,NO2,µg/m3,2020-03-20 20:00:00 +01:00,41.4
IT,NO2,µg/m3,2020-03-20 21:00:00 +01:00,50.3
IT,NO2,µg/m3,2020-03-20 22:00:00 +01:00,51.0
IT,NO2,µg/m3,2020-03-20 23:00:00 +01:00,56.7
IT,NO2,µg/m3,2020-03-21 00:00:00 +01:00,44.55555555555556
IT,NO2,µg/m3,2020-03-21 01:00:00 +01:00,41.18181818181818
IT,NO2,µg/m3,2020-03-21 02:00:00 +01:00,34.18181818181818
IT,NO2,µg/m3,2020-03-21 03:00:00 +01:00,34.0
IT,NO2,µg/m3,2020-03-21 04:00:00 +01:00,29.363636363636363
IT,NO2,µg/m3,2020-03-21 05:00:00 +01:00,31.636363636363637
IT,NO2,µg/m3,2020-03-21 06:00:00 +01:00,39.0
IT,NO2,µg/m3,2020-03-21 07:00:00 +01:00,39.0
IT,NO2,µg/m3,2020-03-21 08:00:00 +01:00,36.90909090909091
IT,NO2,µg/m3,2020-03-21 09:00:00 +01:00,32.18181818181818
IT,NO2,µg/m3,2020-03-21 10:00:00 +01:00,28.727272727272727
IT,NO2,µg/m3,2020-03-21 11:00:00 +01:00,22.0
IT,NO2,µg/m3,2020-03-21 12:00:00 +01:00,17.727272727272727
IT,NO2,µg/m3,2020-03-21 13:00:00 +01:00,16.363636363636363
IT,NO2,µg/m3,2020-03-21 14:00:00 +01:00,12.636363636363637
IT,NO2,µg/m3,2020-03-21 15:00:00 +01:00,10.818181818181818
IT,NO2,µg/m3,2020-03-21 16:00:00 +01:00,11.454545454545455
IT,NO2,µg/m3,2020-03-21 17:00:00 +01:00,14.818181818181818
IT,NO2,µg/m3,2020-03-21 18:00:00 +01:00,21.636363636363637
IT,NO2,µg/m3,2020-03-21 19:00:00 +01:00,32.81818181818182
IT,NO2,µg/m3,2020-03-21 20:00:00 +01:00,44.63636363636363
IT,NO2,µg/m3,2020-03-21 21:00:00 +01:00,51.63636363636363
IT,NO2,µg/m3,2020-03-21 22:00:00 +01:00,51.18181818181818
IT,NO2,µg/m3,2020-03-21 23:00:00 +01:00,46.09090909090909
IT,NO2,µg/m3,2020-03-22 00:00:00 +01:00,39.44444444444444
IT,NO2,µg/m3,2020-03-22 01:00:00 +01:00,34.36363636363637
IT,NO2,µg/m3,2020-03-22 02:00:00 +01:00,28.636363636363637
IT,NO2,µg/m3,2020-03-22 03:00:00 +01:00,22.5
IT,NO2,µg/m3,2020-03-22 04:00:00 +01:00,22.545454545454547
IT,NO2,µg/m3,2020-03-22 05:00:00 +01:00,22.454545454545453
IT,NO2,µg/m3,2020-03-22 06:00:00 +01:00,25.727272727272727
IT,NO2,µg/m3,2020-03-22 07:00:00 +01:00,28.0
IT,NO2,µg/m3,2020-03-22 08:00:00 +01:00,24.545454545454547
IT,NO2,µg/m3,2020-03-22 09:00:00 +01:00,19.90909090909091
IT,NO2,µg/m3,2020-03-22 10:00:00 +01:00,16.545454545454547
IT,NO2,µg/m3,2020-03-22 11:00:00 +01:00,11.727272727272727
IT,NO2,µg/m3,2020-03-22 12:00:00 +01:00,10.545454545454545
IT,NO2,µg/m3,2020-03-22 13:00:00 +01:00,9.363636363636363
IT,NO2,µg/m3,2020-03-22 14:00:00 +01:00,8.363636363636363
IT,NO2,µg/m3,2020-03-22 15:00:00 +01:00,8.181818181818182
IT,NO2,µg/m3,2020-03-22 16:00:00 +01:00,8.636363636363637
IT,NO2,µg/m3,2020-03-22 17:00:00 +01:00,11.545454545454545
IT,NO2,µg/m3,2020-03-22 18:00:00 +01:00,12.636363636363637
IT,NO2,µg/m3,2020-03-22 19:00:00 +01:00,17.09090909090909
IT,NO2,µg/m3,2020-03-22 20:00:00 +01:00,19.818181818181817
IT,NO2,µg/m3,2020-03-22 21:00:00 +01:00,23.727272727272727
IT,NO2,µg/m3,2020-03-22 22:00:00 +01:00,21.727272727272727
IT,NO2,µg/m3,2020-03-22 23:00:00 +01:00,12.090909090909092
IT,NO2,µg/m3,2020-03-23 00:00:00 +01:00,6.555555555555555
IT,NO2,µg/m3,2020-03-23 01:00:00 +01:00,4.7272727272727275
IT,NO2,µg/m3,2020-03-23 02:00:00 +01:00,4.090909090909091
IT,NO2,µg/m3,2020-03-23 03:00:00 +01:00,4.0
IT,NO2,µg/m3,2020-03-23 04:00:00 +01:00,5.818181818181818
IT,NO2,µg/m3,2020-03-23 05:00:00 +01:00,8.909090909090908
IT,NO2,µg/m3,2020-03-23 06:00:00 +01:00,14.272727272727273
IT,NO2,µg/m3,2020-03-23 07:00:00 +01:00,15.363636363636363
IT,NO2,µg/m3,2020-03-23 08:00:00 +01:00,12.363636363636363
IT,NO2,µg/m3,2020-03-23 09:00:00 +01:00,10.545454545454545
IT,NO2,µg/m3,2020-03-23 10:00:00 +01:00,9.545454545454545
IT,NO2,µg/m3,2020-03-23 11:00:00 +01:00,8.818181818181818
IT,NO2,µg/m3,2020-03-23 12:00:00 +01:00,7.2
IT,NO2,µg/m3,2020-03-23 13:00:00 +01:00,7.0
IT,NO2,µg/m3,2020-03-23 14:00:00 +01:00,5.9
IT,NO2,µg/m3,2020-03-23 15:00:00 +01:00,5.8
IT,NO2,µg/m3,2020-03-23 16:00:00 +01:00,6.7
IT,NO2,µg/m3,2020-03-23 17:00:00 +01:00,7.7272727272727275
IT,NO2,µg/m3,2020-03-23 18:00:00 +01:00,10.0
IT,NO2,µg/m3,2020-03-23 19:00:00 +01:00,10.090909090909092
IT,NO2,µg/m3,2020-03-23 20:00:00 +01:00,10.181818181818182
IT,NO2,µg/m3,2020-03-23 21:00:00 +01:00,8.727272727272727
IT,NO2,µg/m3,2020-03-23 22:00:00 +01:00,5.2727272727272725
IT,NO2,µg/m3,2020-03-23 23:00:00 +01:00,4.636363636363637
IT,NO2,µg/m3,2020-03-24 00:00:00 +01:00,4.111111111111111
IT,NO2,µg/m3,2020-03-24 01:00:00 +01:00,4.2727272727272725
IT,NO2,µg/m3,2020-03-24 02:00:00 +01:00,2.5454545454545454
IT,NO2,µg/m3,2020-03-24 03:00:00 +01:00,4.5
IT,NO2,µg/m3,2020-03-24 04:00:00 +01:00,6.7272727272727275
IT,NO2,µg/m3,2020-03-24 05:00:00 +01:00,13.454545454545455
IT,NO2,µg/m3,2020-03-24 06:00:00 +01:00,26.363636363636363
IT,NO2,µg/m3,2020-03-24 07:00:00 +01:00,25.636363636363637
IT,NO2,µg/m3,2020-03-24 08:00:00 +01:00,16.727272727272727
IT,NO2,µg/m3,2020-03-24 09:00:00 +01:00,12.3
IT,NO2,µg/m3,2020-03-24 10:00:00 +01:00,11.6
IT,NO2,µg/m3,2020-03-24 11:00:00 +01:00,9.7
IT,NO2,µg/m3,2020-03-24 12:00:00 +01:00,9.1
IT,NO2,µg/m3,2020-03-24 13:00:00 +01:00,9.2
IT,NO2,µg/m3,2020-03-24 14:00:00 +01:00,8.8
IT,NO2,µg/m3,2020-03-24 15:00:00 +01:00,7.6
IT,NO2,µg/m3,2020-03-24 16:00:00 +01:00,9.5
IT,NO2,µg/m3,2020-03-24 17:00:00 +01:00,9.9
IT,NO2,µg/m3,2020-03-24 18:00:00 +01:00,12.0
IT,NO2,µg/m3,2020-03-24 19:00:00 +01:00,13.8
IT,NO2,µg/m3,2020-03-24 20:00:00 +01:00,14.2
IT,NO2,µg/m3,2020-03-24 21:00:00 +01:00,12.0
IT,NO2,µg/m3,2020-03-24 22:00:00 +01:00,8.0
IT,NO2,µg/m3,2020-03-24 23:00:00 +01:00,6.9
IT,NO2,µg/m3,2020-03-25 00:00:00 +01:00,6.875
IT,NO2,µg/m3,2020-03-25 01:00:00 +01:00,6.5
IT,NO2,µg/m3,2020-03-25 02:00:00 +01:00,6.2
IT,NO2,µg/m3,2020-03-25 03:00:00 +01:00,6.5
IT,NO2,µg/m3,2020-03-25 04:00:00 +01:00,12.0
IT,NO2,µg/m3,2020-03-25 05:00:00 +01:00,20.5
IT,NO2,µg/m3,2020-03-25 06:00:00 +01:00,32.7
IT,NO2,µg/m3,2020-03-25 07:00:00 +01:00,30.0
IT,NO2,µg/m3,2020-03-25 08:00:00 +01:00,21.272727272727273
IT,NO2,µg/m3,2020-03-25 09:00:00 +01:00,16.181818181818183
IT,NO2,µg/m3,2020-03-25 10:00:00 +01:00,12.090909090909092
IT,NO2,µg/m3,2020-03-25 11:00:00 +01:00,11.0
IT,NO2,µg/m3,2020-03-25 12:00:00 +01:00,10.363636363636363
IT,NO2,µg/m3,2020-03-25 13:00:00 +01:00,8.272727272727273
IT,NO2,µg/m3,2020-03-25 14:00:00 +01:00,9.0
IT,NO2,µg/m3,2020-03-25 15:00:00 +01:00,8.909090909090908
IT,NO2,µg/m3,2020-03-25 16:00:00 +01:00,11.181818181818182
IT,NO2,µg/m3,2020-03-25 17:00:00 +01:00,16.09090909090909
IT,NO2,µg/m3,2020-03-25 18:00:00 +01:00,19.272727272727273
IT,NO2,µg/m3,2020-03-25 19:00:00 +01:00,20.545454545454547
IT,NO2,µg/m3,2020-03-25 20:00:00 +01:00,15.0
IT,NO2,µg/m3,2020-03-25 21:00:00 +01:00,13.909090909090908
IT,NO2,µg/m3,2020-03-25 22:00:00 +01:00,8.181818181818182
IT,NO2,µg/m3,2020-03-25 23:00:00 +01:00,5.7
IT,NO2,µg/m3,2020-03-26 00:00:00 +01:00,5.25
IT,NO2,µg/m3,2020-03-26 01:00:00 +01:00,4.6
IT,NO2,µg/m3,2020-03-26 02:00:00 +01:00,4.3
IT,NO2,µg/m3,2020-03-26 03:00:00 +01:00,4.5
IT,NO2,µg/m3,2020-03-26 04:00:00 +01:00,9.3
IT,NO2,µg/m3,2020-03-26 05:00:00 +01:00,14.0
IT,NO2,µg/m3,2020-03-26 06:00:00 +01:00,23.4
IT,NO2,µg/m3,2020-03-26 07:00:00 +01:00,30.8
IT,NO2,µg/m3,2020-03-26 08:00:00 +01:00,30.363636363636363
IT,NO2,µg/m3,2020-03-26 09:00:00 +01:00,29.181818181818183
IT,NO2,µg/m3,2020-03-26 10:00:00 +01:00,24.727272727272727
IT,NO2,µg/m3,2020-03-26 11:00:00 +01:00,31.09090909090909
IT,NO2,µg/m3,2020-03-26 12:00:00 +01:00,39.63636363636363
IT,NO2,µg/m3,2020-03-26 13:00:00 +01:00,41.27272727272727
IT,NO2,µg/m3,2020-03-26 14:00:00 +01:00,44.63636363636363
IT,NO2,µg/m3,2020-03-26 15:00:00 +01:00,46.3
IT,NO2,µg/m3,2020-03-26 16:00:00 +01:00,43.81818181818182
IT,NO2,µg/m3,2020-03-26 17:00:00 +01:00,40.54545454545455
IT,NO2,µg/m3,2020-03-26 18:00:00 +01:00,42.90909090909091
IT,NO2,µg/m3,2020-03-26 19:00:00 +01:00,47.45454545454545
IT,NO2,µg/m3,2020-03-26 20:00:00 +01:00,38.90909090909091
IT,NO2,µg/m3,2020-03-26 21:00:00 +01:00,38.63636363636363
IT,NO2,µg/m3,2020-03-26 22:00:00 +01:00,28.181818181818183
IT,NO2,µg/m3,2020-03-26 23:00:00 +01:00,19.636363636363637
IT,NO2,µg/m3,2020-03-27 00:00:00 +01:00,19.22222222222222
IT,NO2,µg/m3,2020-03-27 01:00:00 +01:00,17.818181818181817
IT,NO2,µg/m3,2020-03-27 02:00:00 +01:00,14.454545454545455
IT,NO2,µg/m3,2020-03-27 03:00:00 +01:00,18.5
IT,NO2,µg/m3,2020-03-27 04:00:00 +01:00,21.0
IT,NO2,µg/m3,2020-03-27 05:00:00 +01:00,33.18181818181818
IT,NO2,µg/m3,2020-03-27 06:00:00 +01:00,43.18181818181818
IT,NO2,µg/m3,2020-03-27 07:00:00 +01:00,44.36363636363637
IT,NO2,µg/m3,2020-03-27 08:00:00 +01:00,37.72727272727273
IT,NO2,µg/m3,2020-03-27 09:00:00 +01:00,22.818181818181817
IT,NO2,µg/m3,2020-03-27 10:00:00 +01:00,20.4
IT,NO2,µg/m3,2020-03-27 11:00:00 +01:00,15.2
IT,NO2,µg/m3,2020-03-27 12:00:00 +01:00,12.5
IT,NO2,µg/m3,2020-03-27 13:00:00 +01:00,13.1
IT,NO2,µg/m3,2020-03-27 14:00:00 +01:00,14.4
IT,NO2,µg/m3,2020-03-27 15:00:00 +01:00,17.363636363636363
IT,NO2,µg/m3,2020-03-27 16:00:00 +01:00,22.272727272727273
IT,NO2,µg/m3,2020-03-27 17:00:00 +01:00,27.09090909090909
IT,NO2,µg/m3,2020-03-27 18:00:00 +01:00,37.63636363636363
IT,NO2,µg/m3,2020-03-27 19:00:00 +01:00,48.63636363636363
IT,NO2,µg/m3,2020-03-27 20:00:00 +01:00,52.54545454545455
IT,NO2,µg/m3,2020-03-27 21:00:00 +01:00,48.36363636363637
IT,NO2,µg/m3,2020-03-27 22:00:00 +01:00,44.63636363636363
IT,NO2,µg/m3,2020-03-27 23:00:00 +01:00,39.81818181818182
IT,NO2,µg/m3,2020-03-28 00:00:00 +01:00,34.22222222222222
IT,NO2,µg/m3,2020-03-28 01:00:00 +01:00,30.272727272727273
IT,NO2,µg/m3,2020-03-28 02:00:00 +01:00,24.727272727272727
IT,NO2,µg/m3,2020-03-28 03:00:00 +01:00,29.0
IT,NO2,µg/m3,2020-03-28 04:00:00 +01:00,20.636363636363637
IT,NO2,µg/m3,2020-03-28 05:00:00 +01:00,24.727272727272727
IT,NO2,µg/m3,2020-03-28 06:00:00 +01:00,33.72727272727273
IT,NO2,µg/m3,2020-03-28 07:00:00 +01:00,34.18181818181818
IT,NO2,µg/m3,2020-03-28 08:00:00 +01:00,28.636363636363637
IT,NO2,µg/m3,2020-03-28 09:00:00 +01:00,20.727272727272727
IT,NO2,µg/m3,2020-03-28 10:00:00 +01:00,18.09090909090909
IT,NO2,µg/m3,2020-03-28 11:00:00 +01:00,17.272727272727273
IT,NO2,µg/m3,2020-03-28 12:00:00 +01:00,15.545454545454545
IT,NO2,µg/m3,2020-03-28 13:00:00 +01:00,13.818181818181818
IT,NO2,µg/m3,2020-03-28 14:00:00 +01:00,13.090909090909092
IT,NO2,µg/m3,2020-03-28 15:00:00 +01:00,15.272727272727273
IT,NO2,µg/m3,2020-03-28 16:00:00 +01:00,14.545454545454545
IT,NO2,µg/m3,2020-03-28 17:00:00 +01:00,16.363636363636363
IT,NO2,µg/m3,2020-03-28 18:00:00 +01:00,18.545454545454547
IT,NO2,µg/m3,2020-03-28 19:00:00 +01:00,23.90909090909091
IT,NO2,µg/m3,2020-03-28 20:00:00 +01:00,28.0
IT,NO2,µg/m3,2020-03-28 21:00:00 +01:00,32.36363636363637
IT,NO2,µg/m3,2020-03-28 22:00:00 +01:00,36.81818181818182
IT,NO2,µg/m3,2020-03-28 23:00:00 +01:00,29.545454545454547
IT,NO2,µg/m3,2020-03-29 00:00:00 +01:00,27.333333333333332
IT,NO2,µg/m3,2020-03-29 01:00:00 +01:00,27.545454545454547
IT,NO2,µg/m3,2020-03-29 03:00:00 +01:00,23.90909090909091
IT,NO2,µg/m3,2020-03-29 04:00:00 +01:00,19.0
IT,NO2,µg/m3,2020-03-29 05:00:00 +01:00,22.545454545454547
IT,NO2,µg/m3,2020-03-29 06:00:00 +01:00,23.90909090909091
IT,NO2,µg/m3,2020-03-29 07:00:00 +01:00,23.363636363636363
IT,NO2,µg/m3,2020-03-29 08:00:00 +01:00,22.09090909090909
IT,NO2,µg/m3,2020-03-29 09:00:00 +01:00,19.90909090909091
IT,NO2,µg/m3,2020-03-29 10:00:00 +01:00,18.272727272727273
IT,NO2,µg/m3,2020-03-29 11:00:00 +01:00,14.454545454545455
IT,NO2,µg/m3,2020-03-29 12:00:00 +01:00,12.090909090909092
IT,NO2,µg/m3,2020-03-29 13:00:00 +01:00,10.454545454545455
IT,NO2,µg/m3,2020-03-29 14:00:00 +01:00,9.0
IT,NO2,µg/m3,2020-03-29 15:00:00 +01:00,8.0
IT,NO2,µg/m3,2020-03-29 16:00:00 +01:00,7.090909090909091
IT,NO2,µg/m3,2020-03-29 17:00:00 +01:00,8.0
IT,NO2,µg/m3,2020-03-29 18:00:00 +01:00,9.454545454545455
IT,NO2,µg/m3,2020-03-29 19:00:00 +01:00,12.363636363636363
IT,NO2,µg/m3,2020-03-29 20:00:00 +01:00,19.272727272727273
IT,NO2,µg/m3,2020-03-29 21:00:00 +01:00,21.636363636363637
IT,NO2,µg/m3,2020-03-29 22:00:00 +01:00,18.636363636363637
IT,NO2,µg/m3,2020-03-29 23:00:00 +01:00,15.727272727272727
IT,NO2,µg/m3,2020-03-30 00:00:00 +01:00,15.727272727272727
IT,NO2,µg/m3,2020-03-30 01:00:00 +01:00,16.666666666666668
IT,NO2,µg/m3,2020-03-30 02:00:00 +01:00,16.636363636363637
IT,NO2,µg/m3,2020-03-30 03:00:00 +01:00,16.09090909090909
IT,NO2,µg/m3,2020-03-30 04:00:00 +01:00,21.5
IT,NO2,µg/m3,2020-03-30 05:00:00 +01:00,26.636363636363637
IT,NO2,µg/m3,2020-03-30 06:00:00 +01:00,37.54545454545455
IT,NO2,µg/m3,2020-03-30 07:00:00 +01:00,40.45454545454545
IT,NO2,µg/m3,2020-03-30 08:00:00 +01:00,38.45454545454545
IT,NO2,µg/m3,2020-03-30 09:00:00 +01:00,30.90909090909091
IT,NO2,µg/m3,2020-03-30 10:00:00 +01:00,25.545454545454547
IT,NO2,µg/m3,2020-03-30 11:00:00 +01:00,19.454545454545453
IT,NO2,µg/m3,2020-03-30 12:00:00 +01:00,17.0
IT,NO2,µg/m3,2020-03-30 13:00:00 +01:00,19.636363636363637
IT,NO2,µg/m3,2020-03-30 14:00:00 +01:00,17.09090909090909
IT,NO2,µg/m3,2020-03-30 15:00:00 +01:00,13.181818181818182
IT,NO2,µg/m3,2020-03-30 16:00:00 +01:00,11.818181818181818
IT,NO2,µg/m3,2020-03-30 17:00:00 +01:00,11.181818181818182
IT,NO2,µg/m3,2020-03-30 18:00:00 +01:00,13.727272727272727
IT,NO2,µg/m3,2020-03-30 19:00:00 +01:00,22.09090909090909
IT,NO2,µg/m3,2020-03-30 20:00:00 +01:00,29.363636363636363
IT,NO2,µg/m3,2020-03-30 21:00:00 +01:00,35.90909090909091
IT,NO2,µg/m3,2020-03-30 22:00:00 +01:00,31.0
IT,NO2,µg/m3,2020-03-30 23:00:00 +01:00,28.818181818181817
IT,NO2,µg/m3,2020-03-31 00:00:00 +01:00,26.454545454545453
IT,NO2,µg/m3,2020-03-31 01:00:00 +01:00,24.0
IT,NO2,µg/m3,2020-03-31 02:00:00 +01:00,24.454545454545453
IT,NO2,µg/m3,2020-03-31 03:00:00 +01:00,20.818181818181817
IT,NO2,µg/m3,2020-03-31 04:00:00 +01:00,19.5
IT,NO2,µg/m3,2020-03-31 05:00:00 +01:00,27.272727272727273
IT,NO2,µg/m3,2020-03-31 06:00:00 +01:00,32.90909090909091
IT,NO2,µg/m3,2020-03-31 07:00:00 +01:00,36.0
IT,NO2,µg/m3,2020-03-31 08:00:00 +01:00,33.18181818181818
IT,NO2,µg/m3,2020-03-31 09:00:00 +01:00,25.818181818181817
IT,NO2,µg/m3,2020-03-31 10:00:00 +01:00,18.818181818181817
IT,NO2,µg/m3,2020-03-31 11:00:00 +01:00,14.0
IT,NO2,µg/m3,2020-03-31 12:00:00 +01:00,13.0
IT,NO2,µg/m3,2020-03-31 13:00:00 +01:00,11.909090909090908
IT,NO2,µg/m3,2020-03-31 14:00:00 +01:00,11.909090909090908
IT,NO2,µg/m3,2020-03-31 15:00:00 +01:00,11.363636363636363
IT,NO2,µg/m3,2020-03-31 16:00:00 +01:00,10.363636363636363
IT,NO2,µg/m3,2020-03-31 17:00:00 +01:00,11.0
IT,NO2,µg/m3,2020-03-31 18:00:00 +01:00,11.909090909090908
IT,NO2,µg/m3,2020-03-31 19:00:00 +01:00,13.0
IT,NO2,µg/m3,2020-03-31 20:00:00 +01:00,13.636363636363637
IT,NO2,µg/m3,2020-03-31 21:00:00 +01:00,10.818181818181818
IT,NO2,µg/m3,2020-03-31 22:00:00 +01:00,6.636363636363637
IT,NO2,µg/m3,2020-03-31 23:00:00 +01:00,5.2727272727272725
IT,NO2,µg/m3,2020-04-01 00:00:00 +01:00,4.454545454545454
IT,NO2,µg/m3,2020-04-01 01:00:00 +01:00,3.3333333333333335
IT,NO2,µg/m3,2020-04-01 02:00:00 +01:00,3.0
IT,NO2,µg/m3,2020-04-01 03:00:00 +01:00,2.6363636363636362
IT,NO2,µg/m3,2020-04-01 04:00:00 +01:00,4.5
IT,NO2,µg/m3,2020-04-01 05:00:00 +01:00,9.909090909090908
IT,NO2,µg/m3,2020-04-01 06:00:00 +01:00,14.909090909090908
IT,NO2,µg/m3,2020-04-01 07:00:00 +01:00,19.181818181818183
IT,NO2,µg/m3,2020-04-01 08:00:00 +01:00,17.545454545454547
IT,NO2,µg/m3,2020-04-01 09:00:00 +01:00,13.818181818181818
IT,NO2,µg/m3,2020-04-01 10:00:00 +01:00,12.181818181818182
IT,NO2,µg/m3,2020-04-01 11:00:00 +01:00,11.0
IT,NO2,µg/m3,2020-04-01 12:00:00 +01:00,10.545454545454545
IT,NO2,µg/m3,2020-04-01 13:00:00 +01:00,9.727272727272727
IT,NO2,µg/m3,2020-04-01 14:00:00 +01:00,8.4
IT,NO2,µg/m3,2020-04-01 15:00:00 +01:00,8.2
IT,NO2,µg/m3,2020-04-01 16:00:00 +01:00,8.8
IT,NO2,µg/m3,2020-04-01 17:00:00 +01:00,12.0
IT,NO2,µg/m3,2020-04-01 18:00:00 +01:00,12.5
IT,NO2,µg/m3,2020-04-01 19:00:00 +01:00,16.4
IT,NO2,µg/m3,2020-04-01 20:00:00 +01:00,17.4
IT,NO2,µg/m3,2020-04-01 21:00:00 +01:00,16.6
IT,NO2,µg/m3,2020-04-01 22:00:00 +01:00,14.6
IT,NO2,µg/m3,2020-04-01 23:00:00 +01:00,12.7
IT,NO2,µg/m3,2020-04-02 00:00:00 +01:00,13.3
IT,NO2,µg/m3,2020-04-02 01:00:00 +01:00,11.125
IT,NO2,µg/m3,2020-04-02 02:00:00 +01:00,9.4
IT,NO2,µg/m3,2020-04-02 03:00:00 +01:00,8.8
IT,NO2,µg/m3,2020-04-02 04:00:00 +01:00,14.5
IT,NO2,µg/m3,2020-04-02 05:00:00 +01:00,26.9
IT,NO2,µg/m3,2020-04-02 06:00:00 +01:00,38.8
IT,NO2,µg/m3,2020-04-02 07:00:00 +01:00,48.8
IT,NO2,µg/m3,2020-04-02 08:00:00 +01:00,43.44444444444444
IT,NO2,µg/m3,2020-04-02 09:00:00 +01:00,33.111111111111114
IT,NO2,µg/m3,2020-04-02 10:00:00 +01:00,26.6
IT,NO2,µg/m3,2020-04-02 11:00:00 +01:00,17.1
IT,NO2,µg/m3,2020-04-02 12:00:00 +01:00,13.636363636363637
IT,NO2,µg/m3,2020-04-02 13:00:00 +01:00,13.636363636363637
IT,NO2,µg/m3,2020-04-02 14:00:00 +01:00,16.727272727272727
IT,NO2,µg/m3,2020-04-02 15:00:00 +01:00,11.0
IT,NO2,µg/m3,2020-04-02 16:00:00 +01:00,11.363636363636363
IT,NO2,µg/m3,2020-04-02 17:00:00 +01:00,12.0
IT,NO2,µg/m3,2020-04-02 18:00:00 +01:00,12.7
IT,NO2,µg/m3,2020-04-02 19:00:00 +01:00,16.818181818181817
IT,NO2,µg/m3,2020-04-02 20:00:00 +01:00,24.09090909090909
IT,NO2,µg/m3,2020-04-02 21:00:00 +01:00,31.454545454545453
IT,NO2,µg/m3,2020-04-02 22:00:00 +01:00,36.45454545454545
IT,NO2,µg/m3,2020-04-02 23:00:00 +01:00,40.0
IT,NO2,µg/m3,2020-04-03 00:00:00 +01:00,38.9
IT,NO2,µg/m3,2020-04-03 01:00:00 +01:00,28.125
IT,NO2,µg/m3,2020-04-03 02:00:00 +01:00,24.3
IT,NO2,µg/m3,2020-04-03 03:00:00 +01:00,23.0
IT,NO2,µg/m3,2020-04-03 04:00:00 +01:00,18.0
IT,NO2,µg/m3,2020-04-03 05:00:00 +01:00,33.0
IT,NO2,µg/m3,2020-04-03 06:00:00 +01:00,41.09090909090909
IT,NO2,µg/m3,2020-04-03 07:00:00 +01:00,49.0
IT,NO2,µg/m3,2020-04-03 08:00:00 +01:00,47.63636363636363
IT,NO2,µg/m3,2020-04-03 09:00:00 +01:00,35.45454545454545
IT,NO2,µg/m3,2020-04-03 10:00:00 +01:00,27.90909090909091
IT,NO2,µg/m3,2020-04-03 11:00:00 +01:00,19.727272727272727
IT,NO2,µg/m3,2020-04-03 12:00:00 +01:00,14.454545454545455
IT,NO2,µg/m3,2020-04-03 13:00:00 +01:00,13.454545454545455
IT,NO2,µg/m3,2020-04-03 14:00:00 +01:00,12.363636363636363
IT,NO2,µg/m3,2020-04-03 15:00:00 +01:00,11.636363636363637
IT,NO2,µg/m3,2020-04-03 16:00:00 +01:00,12.090909090909092
IT,NO2,µg/m3,2020-04-03 17:00:00 +01:00,13.2
IT,NO2,µg/m3,2020-04-03 18:00:00 +01:00,14.2
IT,NO2,µg/m3,2020-04-03 19:00:00 +01:00,17.3
IT,NO2,µg/m3,2020-04-03 20:00:00 +01:00,20.1
IT,NO2,µg/m3,2020-04-03 21:00:00 +01:00,32.36363636363637
IT,NO2,µg/m3,2020-04-03 22:00:00 +01:00,35.45454545454545
IT,NO2,µg/m3,2020-04-03 23:00:00 +01:00,32.9
IT,NO2,µg/m3,2020-04-04 00:00:00 +01:00,28.3
IT,NO2,µg/m3,2020-04-04 01:00:00 +01:00,23.75
IT,NO2,µg/m3,2020-04-04 02:00:00 +01:00,17.4
IT,NO2,µg/m3,2020-04-04 03:00:00 +01:00,15.7
IT,NO2,µg/m3,2020-04-04 04:00:00 +01:00,29.0
IT,NO2,µg/m3,2020-04-04 05:00:00 +01:00,33.4
IT,NO2,µg/m3,2020-04-04 06:00:00 +01:00,46.18181818181818
IT,NO2,µg/m3,2020-04-04 07:00:00 +01:00,50.81818181818182
IT,NO2,µg/m3,2020-04-04 08:00:00 +01:00,39.54545454545455
IT,NO2,µg/m3,2020-04-04 09:00:00 +01:00,28.0
IT,NO2,µg/m3,2020-04-04 10:00:00 +01:00,21.272727272727273
IT,NO2,µg/m3,2020-04-04 11:00:00 +01:00,13.545454545454545
IT,NO2,µg/m3,2020-04-04 12:00:00 +01:00,10.909090909090908
IT,NO2,µg/m3,2020-04-04 13:00:00 +01:00,10.454545454545455
IT,NO2,µg/m3,2020-04-04 14:00:00 +01:00,8.909090909090908
IT,NO2,µg/m3,2020-04-04 15:00:00 +01:00,9.909090909090908
IT,NO2,µg/m3,2020-04-04 16:00:00 +01:00,8.727272727272727
IT,NO2,µg/m3,2020-04-04 17:00:00 +01:00,9.454545454545455
IT,NO2,µg/m3,2020-04-04 18:00:00 +01:00,10.909090909090908
IT,NO2,µg/m3,2020-04-04 19:00:00 +01:00,13.272727272727273
IT,NO2,µg/m3,2020-04-04 20:00:00 +01:00,11.909090909090908
IT,NO2,µg/m3,2020-04-04 21:00:00 +01:00,12.2
IT,NO2,µg/m3,2020-04-04 22:00:00 +01:00,10.9
IT,NO2,µg/m3,2020-04-04 23:00:00 +01:00,12.8
IT,NO2,µg/m3,2020-04-05 00:00:00 +01:00,7.2
IT,NO2,µg/m3,2020-04-05 01:00:00 +01:00,6.888888888888889
IT,NO2,µg/m3,2020-04-05 02:00:00 +01:00,6.363636363636363
IT,NO2,µg/m3,2020-04-05 03:00:00 +01:00,6.454545454545454
IT,NO2,µg/m3,2020-04-05 04:00:00 +01:00,8.0
IT,NO2,µg/m3,2020-04-05 05:00:00 +01:00,15.454545454545455
IT,NO2,µg/m3,2020-04-05 06:00:00 +01:00,20.0
IT,NO2,µg/m3,2020-04-05 07:00:00 +01:00,21.181818181818183
IT,NO2,µg/m3,2020-04-05 08:00:00 +01:00,16.181818181818183
IT,NO2,µg/m3,2020-04-05 09:00:00 +01:00,10.727272727272727
IT,NO2,µg/m3,2020-04-05 10:00:00 +01:00,9.545454545454545
IT,NO2,µg/m3,2020-04-05 11:00:00 +01:00,7.909090909090909
IT,NO2,µg/m3,2020-04-05 12:00:00 +01:00,7.3
IT,NO2,µg/m3,2020-04-05 13:00:00 +01:00,8.090909090909092
IT,NO2,µg/m3,2020-04-05 14:00:00 +01:00,6.2727272727272725
IT,NO2,µg/m3,2020-04-05 15:00:00 +01:00,5.363636363636363
IT,NO2,µg/m3,2020-04-05 16:00:00 +01:00,5.0
IT,NO2,µg/m3,2020-04-05 17:00:00 +01:00,7.363636363636363
IT,NO2,µg/m3,2020-04-05 18:00:00 +01:00,9.090909090909092
IT,NO2,µg/m3,2020-04-05 19:00:00 +01:00,14.545454545454545
IT,NO2,µg/m3,2020-04-05 20:00:00 +01:00,20.90909090909091
IT,NO2,µg/m3,2020-04-05 21:00:00 +01:00,23.636363636363637
IT,NO2,µg/m3,2020-04-05 22:00:00 +01:00,19.181818181818183
IT,NO2,µg/m3,2020-04-05 23:00:00 +01:00,13.909090909090908
IT,NO2,µg/m3,2020-04-06 00:00:00 +01:00,10.181818181818182
IT,NO2,µg/m3,2020-04-06 01:00:00 +01:00,9.0
IT,NO2,µg/m3,2020-04-06 02:00:00 +01:00,6.2727272727272725
IT,NO2,µg/m3,2020-04-06 03:00:00 +01:00,6.090909090909091
IT,NO2,µg/m3,2020-04-06 04:00:00 +01:00,15.0
IT,NO2,µg/m3,2020-04-06 05:00:00 +01:00,25.727272727272727
IT,NO2,µg/m3,2020-04-06 06:00:00 +01:00,46.18181818181818
IT,NO2,µg/m3,2020-04-06 07:00:00 +01:00,58.81818181818182
IT,NO2,µg/m3,2020-04-06 08:00:00 +01:00,50.54545454545455
IT,NO2,µg/m3,2020-04-06 09:00:00 +01:00,37.0
IT,NO2,µg/m3,2020-04-06 10:00:00 +01:00,26.181818181818183
IT,NO2,µg/m3,2020-04-06 11:00:00 +01:00,18.818181818181817
IT,NO2,µg/m3,2020-04-06 12:00:00 +01:00,14.454545454545455
IT,NO2,µg/m3,2020-04-06 13:00:00 +01:00,12.909090909090908
IT,NO2,µg/m3,2020-04-06 14:00:00 +01:00,12.636363636363637
IT,NO2,µg/m3,2020-04-06 15:00:00 +01:00,10.181818181818182
IT,NO2,µg/m3,2020-04-06 16:00:00 +01:00,10.272727272727273
IT,NO2,µg/m3,2020-04-06 17:00:00 +01:00,10.545454545454545
IT,NO2,µg/m3,2020-04-06 18:00:00 +01:00,13.0
IT,NO2,µg/m3,2020-04-06 19:00:00 +01:00,15.454545454545455
IT,NO2,µg/m3,2020-04-06 20:00:00 +01:00,21.818181818181817
IT,NO2,µg/m3,2020-04-06 21:00:00 +01:00,30.363636363636363
IT,NO2,µg/m3,2020-04-06 22:00:00 +01:00,35.54545454545455
IT,NO2,µg/m3,2020-04-06 23:00:00 +01:00,38.81818181818182
IT,NO2,µg/m3,2020-04-07 00:00:00 +01:00,37.27272727272727
IT,NO2,µg/m3,2020-04-07 01:00:00 +01:00,32.44444444444444
IT,NO2,µg/m3,2020-04-07 02:00:00 +01:00,23.818181818181817
IT,NO2,µg/m3,2020-04-07 03:00:00 +01:00,18.181818181818183
IT,NO2,µg/m3,2020-04-07 04:00:00 +01:00,24.5
IT,NO2,µg/m3,2020-04-07 05:00:00 +01:00,30.636363636363637
IT,NO2,µg/m3,2020-04-07 06:00:00 +01:00,43.18181818181818
IT,NO2,µg/m3,2020-04-07 07:00:00 +01:00,54.90909090909091
IT,NO2,µg/m3,2020-04-07 08:00:00 +01:00,46.0
IT,NO2,µg/m3,2020-04-07 09:00:00 +01:00,37.27272727272727
IT,NO2,µg/m3,2020-04-07 10:00:00 +01:00,30.90909090909091
IT,NO2,µg/m3,2020-04-07 11:00:00 +01:00,24.09090909090909
IT,NO2,µg/m3,2020-04-07 12:00:00 +01:00,17.545454545454547
IT,NO2,µg/m3,2020-04-07 13:00:00 +01:00,14.454545454545455
IT,NO2,µg/m3,2020-04-07 14:00:00 +01:00,12.0
IT,NO2,µg/m3,2020-04-07 15:00:00 +01:00,12.090909090909092
IT,NO2,µg/m3,2020-04-07 16:00:00 +01:00,12.909090909090908
IT,NO2,µg/m3,2020-04-07 17:00:00 +01:00,15.636363636363637
IT,NO2,µg/m3,2020-04-07 18:00:00 +01:00,16.363636363636363
IT,NO2,µg/m3,2020-04-07 19:00:00 +01:00,20.90909090909091
IT,NO2,µg/m3,2020-04-07 20:00:00 +01:00,25.0
IT,NO2,µg/m3,2020-04-07 21:00:00 +01:00,29.90909090909091
IT,NO2,µg/m3,2020-04-07 22:00:00 +01:00,26.454545454545453
IT,NO2,µg/m3,2020-04-07 23:00:00 +01:00,31.636363636363637
IT,NO2,µg/m3,2020-04-08 00:00:00 +01:00,31.272727272727273
IT,NO2,µg/m3,2020-04-08 01:00:00 +01:00,23.25
IT,NO2,µg/m3,2020-04-08 02:00:00 +01:00,23.4
IT,NO2,µg/m3,2020-04-08 03:00:00 +01:00,19.4
IT,NO2,µg/m3,2020-04-08 04:00:00 +01:00,20.5
IT,NO2,µg/m3,2020-04-08 05:00:00 +01:00,34.1
IT,NO2,µg/m3,2020-04-08 06:00:00 +01:00,46.9
IT,NO2,µg/m3,2020-04-08 07:00:00 +01:00,51.8
IT,NO2,µg/m3,2020-04-08 08:00:00 +01:00,47.0
IT,NO2,µg/m3,2020-04-08 09:00:00 +01:00,41.9
IT,NO2,µg/m3,2020-04-08 10:00:00 +01:00,35.5
IT,NO2,µg/m3,2020-04-08 11:00:00 +01:00,25.8
IT,NO2,µg/m3,2020-04-08 12:00:00 +01:00,16.6
IT,NO2,µg/m3,2020-04-08 13:00:00 +01:00,14.2
IT,NO2,µg/m3,2020-04-08 14:00:00 +01:00,13.2
IT,NO2,µg/m3,2020-04-08 15:00:00 +01:00,13.4
IT,NO2,µg/m3,2020-04-08 16:00:00 +01:00,13.5
IT,NO2,µg/m3,2020-04-08 17:00:00 +01:00,14.909090909090908
IT,NO2,µg/m3,2020-04-08 18:00:00 +01:00,17.454545454545453
IT,NO2,µg/m3,2020-04-08 19:00:00 +01:00,19.181818181818183
IT,NO2,µg/m3,2020-04-08 20:00:00 +01:00,21.636363636363637
IT,NO2,µg/m3,2020-04-08 21:00:00 +01:00,21.90909090909091
IT,NO2,µg/m3,2020-04-08 22:00:00 +01:00,17.727272727272727
IT,NO2,µg/m3,2020-04-08 23:00:00 +01:00,13.272727272727273
IT,NO2,µg/m3,2020-04-09 00:00:00 +01:00,11.727272727272727
IT,NO2,µg/m3,2020-04-09 01:00:00 +01:00,13.444444444444445
IT,NO2,µg/m3,2020-04-09 02:00:00 +01:00,16.454545454545453
IT,NO2,µg/m3,2020-04-09 03:00:00 +01:00,18.636363636363637
IT,NO2,µg/m3,2020-04-09 04:00:00 +01:00,26.5
IT,NO2,µg/m3,2020-04-09 05:00:00 +01:00,34.90909090909091
IT,NO2,µg/m3,2020-04-09 06:00:00 +01:00,38.36363636363637
IT,NO2,µg/m3,2020-04-09 07:00:00 +01:00,38.54545454545455
IT,NO2,µg/m3,2020-04-09 08:00:00 +01:00,38.54545454545455
IT,NO2,µg/m3,2020-04-09 09:00:00 +01:00,36.18181818181818
IT,NO2,µg/m3,2020-04-09 10:00:00 +01:00,33.27272727272727
IT,NO2,µg/m3,2020-04-09 11:00:00 +01:00,25.636363636363637
IT,NO2,µg/m3,2020-04-09 12:00:00 +01:00,18.727272727272727
IT,NO2,µg/m3,2020-04-09 13:00:00 +01:00,16.454545454545453
IT,NO2,µg/m3,2020-04-09 14:00:00 +01:00,14.090909090909092
IT,NO2,µg/m3,2020-04-09 15:00:00 +01:00,14.0
IT,NO2,µg/m3,2020-04-09 16:00:00 +01:00,13.090909090909092
IT,NO2,µg/m3,2020-04-09 17:00:00 +01:00,13.636363636363637
IT,NO2,µg/m3,2020-04-09 18:00:00 +01:00,15.0
IT,NO2,µg/m3,2020-04-09 19:00:00 +01:00,17.818181818181817
IT,NO2,µg/m3,2020-04-09 20:00:00 +01:00,19.90909090909091
IT,NO2,µg/m3,2020-04-09 21:00:00 +01:00,20.545454545454547
IT,NO2,µg/m3,2020-04-09 22:00:00 +01:00,21.09090909090909
IT,NO2,µg/m3,2020-04-09 23:00:00 +01:00,24.272727272727273
IT,NO2,µg/m3,2020-04-10 00:00:00 +01:00,28.0
IT,NO2,µg/m3,2020-04-10 01:00:00 +01:00,23.0
IT,NO2,µg/m3,2020-04-10 02:00:00 +01:00,21.727272727272727
IT,NO2,µg/m3,2020-04-10 03:00:00 +01:00,17.181818181818183
IT,NO2,µg/m3,2020-04-10 04:00:00 +01:00,17.5
IT,NO2,µg/m3,2020-04-10 05:00:00 +01:00,27.818181818181817
IT,NO2,µg/m3,2020-04-10 06:00:00 +01:00,41.54545454545455
IT,NO2,µg/m3,2020-04-10 07:00:00 +01:00,49.81818181818182
IT,NO2,µg/m3,2020-04-10 08:00:00 +01:00,44.18181818181818
IT,NO2,µg/m3,2020-04-10 09:00:00 +01:00,39.72727272727273
IT,NO2,µg/m3,2020-04-10 10:00:00 +01:00,37.27272727272727
IT,NO2,µg/m3,2020-04-10 11:00:00 +01:00,32.18181818181818
IT,NO2,µg/m3,2020-04-10 12:00:00 +01:00,27.727272727272727
IT,NO2,µg/m3,2020-04-10 13:00:00 +01:00,22.0
IT,NO2,µg/m3,2020-04-10 14:00:00 +01:00,19.545454545454547
IT,NO2,µg/m3,2020-04-10 15:00:00 +01:00,16.545454545454547
IT,NO2,µg/m3,2020-04-10 16:00:00 +01:00,12.454545454545455
IT,NO2,µg/m3,2020-04-10 17:00:00 +01:00,13.181818181818182
IT,NO2,µg/m3,2020-04-10 18:00:00 +01:00,16.363636363636363
IT,NO2,µg/m3,2020-04-10 19:00:00 +01:00,21.363636363636363
IT,NO2,µg/m3,2020-04-10 20:00:00 +01:00,26.90909090909091
IT,NO2,µg/m3,2020-04-10 21:00:00 +01:00,32.27272727272727
IT,NO2,µg/m3,2020-04-10 22:00:00 +01:00,29.90909090909091
IT,NO2,µg/m3,2020-04-10 23:00:00 +01:00,31.181818181818183
IT,NO2,µg/m3,2020-04-11 00:00:00 +01:00,31.272727272727273
IT,NO2,µg/m3,2020-04-11 01:00:00 +01:00,27.0
IT,NO2,µg/m3,2020-04-11 02:00:00 +01:00,22.272727272727273
IT,NO2,µg/m3,2020-04-11 03:00:00 +01:00,19.272727272727273
IT,NO2,µg/m3,2020-04-11 04:00:00 +01:00,20.5
IT,NO2,µg/m3,2020-04-11 05:00:00 +01:00,32.0
IT,NO2,µg/m3,2020-04-11 06:00:00 +01:00,44.36363636363637
IT,NO2,µg/m3,2020-04-11 07:00:00 +01:00,47.09090909090909
IT,NO2,µg/m3,2020-04-11 08:00:00 +01:00,42.54545454545455
IT,NO2,µg/m3,2020-04-11 09:00:00 +01:00,36.0
IT,NO2,µg/m3,2020-04-11 10:00:00 +01:00,28.727272727272727
IT,NO2,µg/m3,2020-04-11 11:00:00 +01:00,21.09090909090909
IT,NO2,µg/m3,2020-04-11 12:00:00 +01:00,18.545454545454547
IT,NO2,µg/m3,2020-04-11 13:00:00 +01:00,15.909090909090908
IT,NO2,µg/m3,2020-04-11 14:00:00 +01:00,13.181818181818182
IT,NO2,µg/m3,2020-04-11 15:00:00 +01:00,11.545454545454545
IT,NO2,µg/m3,2020-04-11 16:00:00 +01:00,11.181818181818182
IT,NO2,µg/m3,2020-04-11 17:00:00 +01:00,11.545454545454545
IT,NO2,µg/m3,2020-04-11 18:00:00 +01:00,14.0
IT,NO2,µg/m3,2020-04-11 19:00:00 +01:00,19.454545454545453
IT,NO2,µg/m3,2020-04-11 20:00:00 +01:00,23.09090909090909
IT,NO2,µg/m3,2020-04-11 21:00:00 +01:00,30.181818181818183
IT,NO2,µg/m3,2020-04-11 22:00:00 +01:00,31.454545454545453
IT,NO2,µg/m3,2020-04-11 23:00:00 +01:00,29.09090909090909
IT,NO2,µg/m3,2020-04-12 00:00:00 +01:00,25.0
IT,NO2,µg/m3,2020-04-12 01:00:00 +01:00,17.666666666666668
IT,NO2,µg/m3,2020-04-12 02:00:00 +01:00,14.272727272727273
IT,NO2,µg/m3,2020-04-12 03:00:00 +01:00,13.454545454545455
IT,NO2,µg/m3,2020-04-12 04:00:00 +01:00,14.5
IT,NO2,µg/m3,2020-04-12 05:00:00 +01:00,22.09090909090909
IT,NO2,µg/m3,2020-04-12 06:00:00 +01:00,28.818181818181817
IT,NO2,µg/m3,2020-04-12 07:00:00 +01:00,33.45454545454545
IT,NO2,µg/m3,2020-04-12 08:00:00 +01:00,27.727272727272727
IT,NO2,µg/m3,2020-04-12 09:00:00 +01:00,19.90909090909091
IT,NO2,µg/m3,2020-04-12 10:00:00 +01:00,17.818181818181817
IT,NO2,µg/m3,2020-04-12 11:00:00 +01:00,16.181818181818183
IT,NO2,µg/m3,2020-04-12 12:00:00 +01:00,12.0
IT,NO2,µg/m3,2020-04-12 13:00:00 +01:00,9.0
IT,NO2,µg/m3,2020-04-12 14:00:00 +01:00,7.0
IT,NO2,µg/m3,2020-04-12 15:00:00 +01:00,5.636363636363637
IT,NO2,µg/m3,2020-04-12 16:00:00 +01:00,5.0
IT,NO2,µg/m3,2020-04-12 17:00:00 +01:00,5.909090909090909
IT,NO2,µg/m3,2020-04-12 18:00:00 +01:00,7.454545454545454
IT,NO2,µg/m3,2020-04-12 19:00:00 +01:00,9.727272727272727
IT,NO2,µg/m3,2020-04-12 20:00:00 +01:00,13.363636363636363
IT,NO2,µg/m3,2020-04-12 21:00:00 +01:00,14.909090909090908
IT,NO2,µg/m3,2020-04-12 22:00:00 +01:00,13.272727272727273
IT,NO2,µg/m3,2020-04-12 23:00:00 +01:00,11.636363636363637
IT,NO2,µg/m3,2020-04-13 00:00:00 +01:00,10.090909090909092
IT,NO2,µg/m3,2020-04-13 01:00:00 +01:00,8.88888888888889
IT,NO2,µg/m3,2020-04-13 02:00:00 +01:00,10.0
IT,NO2,µg/m3,2020-04-13 03:00:00 +01:00,8.9
IT,NO2,µg/m3,2020-04-13 04:00:00 +01:00,7.5
IT,NO2,µg/m3,2020-04-13 05:00:00 +01:00,11.909090909090908
IT,NO2,µg/m3,2020-04-13 06:00:00 +01:00,14.181818181818182
IT,NO2,µg/m3,2020-04-13 07:00:00 +01:00,13.181818181818182
IT,NO2,µg/m3,2020-04-13 08:00:00 +01:00,14.727272727272727
IT,NO2,µg/m3,2020-04-13 09:00:00 +01:00,14.545454545454545
IT,NO2,µg/m3,2020-04-13 10:00:00 +01:00,13.818181818181818
IT,NO2,µg/m3,2020-04-13 11:00:00 +01:00,9.454545454545455
IT,NO2,µg/m3,2020-04-13 12:00:00 +01:00,9.0
IT,NO2,µg/m3,2020-04-13 13:00:00 +01:00,8.454545454545455
IT,NO2,µg/m3,2020-04-13 14:00:00 +01:00,7.2727272727272725
IT,NO2,µg/m3,2020-04-13 15:00:00 +01:00,6.181818181818182
IT,NO2,µg/m3,2020-04-13 16:00:00 +01:00,6.545454545454546
IT,NO2,µg/m3,2020-04-13 17:00:00 +01:00,7.7272727272727275
IT,NO2,µg/m3,2020-04-13 18:00:00 +01:00,7.545454545454546
IT,NO2,µg/m3,2020-04-13 19:00:00 +01:00,9.636363636363637
IT,NO2,µg/m3,2020-04-13 20:00:00 +01:00,12.0
IT,NO2,µg/m3,2020-04-13 21:00:00 +01:00,12.727272727272727
IT,NO2,µg/m3,2020-04-13 22:00:00 +01:00,11.363636363636363
IT,NO2,µg/m3,2020-04-13 23:00:00 +01:00,8.181818181818182
IT,NO2,µg/m3,2020-04-14 00:00:00 +01:00,5.636363636363637
IT,NO2,µg/m3,2020-04-14 01:00:00 +01:00,5.0
IT,NO2,µg/m3,2020-04-14 02:00:00 +01:00,6.818181818181818
IT,NO2,µg/m3,2020-04-14 03:00:00 +01:00,8.636363636363637
IT,NO2,µg/m3,2020-04-14 04:00:00 +01:00,14.5
IT,NO2,µg/m3,2020-04-14 05:00:00 +01:00,26.6
IT,NO2,µg/m3,2020-04-14 06:00:00 +01:00,42.0
IT,NO2,µg/m3,2020-04-14 07:00:00 +01:00,50.5
IT,NO2,µg/m3,2020-04-14 08:00:00 +01:00,46.81818181818182
IT,NO2,µg/m3,2020-04-14 09:00:00 +01:00,39.54545454545455
IT,NO2,µg/m3,2020-04-14 10:00:00 +01:00,33.27272727272727
IT,NO2,µg/m3,2020-04-14 11:00:00 +01:00,28.545454545454547
IT,NO2,µg/m3,2020-04-14 12:00:00 +01:00,28.454545454545453
IT,NO2,µg/m3,2020-04-14 13:00:00 +01:00,21.90909090909091
IT,NO2,µg/m3,2020-04-14 14:00:00 +01:00,15.909090909090908
IT,NO2,µg/m3,2020-04-14 15:00:00 +01:00,17.272727272727273
IT,NO2,µg/m3,2020-04-14 16:00:00 +01:00,22.90909090909091
IT,NO2,µg/m3,2020-04-14 17:00:00 +01:00,23.545454545454547
IT,NO2,µg/m3,2020-04-14 18:00:00 +01:00,23.454545454545453
IT,NO2,µg/m3,2020-04-14 19:00:00 +01:00,27.09090909090909
IT,NO2,µg/m3,2020-04-14 20:00:00 +01:00,36.36363636363637
IT,NO2,µg/m3,2020-04-14 21:00:00 +01:00,28.454545454545453
IT,NO2,µg/m3,2020-04-14 22:00:00 +01:00,18.727272727272727
IT,NO2,µg/m3,2020-04-14 23:00:00 +01:00,11.272727272727273
IT,NO2,µg/m3,2020-04-15 00:00:00 +01:00,8.0
IT,NO2,µg/m3,2020-04-15 01:00:00 +01:00,6.0
IT,NO2,µg/m3,2020-04-15 02:00:00 +01:00,5.5
IT,NO2,µg/m3,2020-04-15 03:00:00 +01:00,4.1
IT,NO2,µg/m3,2020-04-15 04:00:00 +01:00,7.5
IT,NO2,µg/m3,2020-04-15 05:00:00 +01:00,11.454545454545455
IT,NO2,µg/m3,2020-04-15 06:00:00 +01:00,16.363636363636363
IT,NO2,µg/m3,2020-04-15 07:00:00 +01:00,21.545454545454547
IT,NO2,µg/m3,2020-04-15 08:00:00 +01:00,21.636363636363637
IT,NO2,µg/m3,2020-04-15 09:00:00 +01:00,16.181818181818183
IT,NO2,µg/m3,2020-04-15 10:00:00 +01:00,13.4
IT,NO2,µg/m3,2020-04-15 11:00:00 +01:00,12.7
IT,NO2,µg/m3,2020-04-15 12:00:00 +01:00,10.090909090909092
IT,NO2,µg/m3,2020-04-15 13:00:00 +01:00,11.0
IT,NO2,µg/m3,2020-04-15 14:00:00 +01:00,10.181818181818182
IT,NO2,µg/m3,2020-04-15 15:00:00 +01:00,11.181818181818182
IT,NO2,µg/m3,2020-04-15 16:00:00 +01:00,10.909090909090908
IT,NO2,µg/m3,2020-04-15 17:00:00 +01:00,10.272727272727273
IT,NO2,µg/m3,2020-04-15 18:00:00 +01:00,9.727272727272727
IT,NO2,µg/m3,2020-04-15 19:00:00 +01:00,11.909090909090908
IT,NO2,µg/m3,2020-04-15 20:00:00 +01:00,14.727272727272727
IT,NO2,µg/m3,2020-04-15 21:00:00 +01:00,18.363636363636363
IT,NO2,µg/m3,2020-04-15 22:00:00 +01:00,21.545454545454547
IT,NO2,µg/m3,2020-04-15 23:00:00 +01:00,24.818181818181817
