Countrycode,AirPollutant,UnitOfMeasurement,DatetimeBegin,mean o3 (µg/m3)
IT,O3,µg/m3,2020-02-13 00:00:00 +01:00,2.75
IT,O3,µg/m3,2020-02-13 01:00:00 +01:00,2.75
IT,O3,µg/m3,2020-02-13 02:00:00 +01:00,3.5
IT,O3,µg/m3,2020-02-13 03:00:00 +01:00,6.125
IT,O3,µg/m3,2020-02-13 04:00:00 +01:00,5.75
IT,O3,µg/m3,2020-02-13 05:00:00 +01:00,5.125
IT,O3,µg/m3,2020-02-13 06:00:00 +01:00,3.875
IT,O3,µg/m3,2020-02-13 07:00:00 +01:00,3.125
IT,O3,µg/m3,2020-02-13 08:00:00 +01:00,5.0
IT,O3,µg/m3,2020-02-13 09:00:00 +01:00,8.0
IT,O3,µg/m3,2020-02-13 10:00:00 +01:00,22.0
IT,O3,µg/m3,2020-02-13 11:00:00 +01:00,43.125
IT,O3,µg/m3,2020-02-13 12:00:00 +01:00,61.375
IT,O3,µg/m3,2020-02-13 13:00:00 +01:00,66.75
IT,O3,µg/m3,2020-02-13 14:00:00 +01:00,67.375
IT,O3,µg/m3,2020-02-13 15:00:00 +01:00,67.875
IT,O3,µg/m3,2020-02-13 16:00:00 +01:00,64.25
IT,O3,µg/m3,2020-02-13 17:00:00 +01:00,51.25
IT,O3,µg/m3,2020-02-13 18:00:00 +01:00,32.5
IT,O3,µg/m3,2020-02-13 19:00:00 +01:00,24.0
IT,O3,µg/m3,2020-02-13 20:00:00 +01:00,23.75
IT,O3,µg/m3,2020-02-13 21:00:00 +01:00,28.875
IT,O3,µg/m3,2020-02-13 22:00:00 +01:00,36.375
IT,O3,µg/m3,2020-02-13 23:00:00 +01:00,43.25
IT,O3,µg/m3,2020-02-14 00:00:00 +01:00,55.625
IT,O3,µg/m3,2020-02-14 01:00:00 +01:00,66.125
IT,O3,µg/m3,2020-02-14 02:00:00 +01:00,68.0
IT,O3,µg/m3,2020-02-14 03:00:00 +01:00,66.25
IT,O3,µg/m3,2020-02-14 04:00:00 +01:00,58.625
IT,O3,µg/m3,2020-02-14 05:00:00 +01:00,55.5
IT,O3,µg/m3,2020-02-14 06:00:00 +01:00,43.375
IT,O3,µg/m3,2020-02-14 07:00:00 +01:00,31.875
IT,O3,µg/m3,2020-02-14 08:00:00 +01:00,20.125
IT,O3,µg/m3,2020-02-14 09:00:00 +01:00,25.75
IT,O3,µg/m3,2020-02-14 10:00:00 +01:00,42.0
IT,O3,µg/m3,2020-02-14 11:00:00 +01:00,48.875
IT,O3,µg/m3,2020-02-14 12:00:00 +01:00,56.5
IT,O3,µg/m3,2020-02-14 13:00:00 +01:00,59.25
IT,O3,µg/m3,2020-02-14 14:00:00 +01:00,64.625
IT,O3,µg/m3,2020-02-14 15:00:00 +01:00,66.375
IT,O3,µg/m3,2020-02-14 16:00:00 +01:00,63.375
IT,O3,µg/m3,2020-02-14 17:00:00 +01:00,52.375
IT,O3,µg/m3,2020-02-14 18:00:00 +01:00,39.125
IT,O3,µg/m3,2020-02-14 19:00:00 +01:00,31.875
IT,O3,µg/m3,2020-02-14 20:00:00 +01:00,22.625
IT,O3,µg/m3,2020-02-14 21:00:00 +01:00,25.0
IT,O3,µg/m3,2020-02-14 22:00:00 +01:00,22.375
IT,O3,µg/m3,2020-02-14 23:00:00 +01:00,23.5
IT,O3,µg/m3,2020-02-15 00:00:00 +01:00,21.125
IT,O3,µg/m3,2020-02-15 01:00:00 +01:00,17.375
IT,O3,µg/m3,2020-02-15 02:00:00 +01:00,15.625
IT,O3,µg/m3,2020-02-15 03:00:00 +01:00,18.375
IT,O3,µg/m3,2020-02-15 04:00:00 +01:00,20.75
IT,O3,µg/m3,2020-02-15 05:00:00 +01:00,22.25
IT,O3,µg/m3,2020-02-15 06:00:00 +01:00,8.125
IT,O3,µg/m3,2020-02-15 07:00:00 +01:00,6.625
IT,O3,µg/m3,2020-02-15 08:00:00 +01:00,13.5
IT,O3,µg/m3,2020-02-15 09:00:00 +01:00,22.75
IT,O3,µg/m3,2020-02-15 10:00:00 +01:00,38.0
IT,O3,µg/m3,2020-02-15 11:00:00 +01:00,48.125
IT,O3,µg/m3,2020-02-15 12:00:00 +01:00,60.0
IT,O3,µg/m3,2020-02-15 13:00:00 +01:00,69.0
IT,O3,µg/m3,2020-02-15 14:00:00 +01:00,72.0
IT,O3,µg/m3,2020-02-15 15:00:00 +01:00,73.625
IT,O3,µg/m3,2020-02-15 16:00:00 +01:00,71.75
IT,O3,µg/m3,2020-02-15 17:00:00 +01:00,62.125
IT,O3,µg/m3,2020-02-15 18:00:00 +01:00,40.5
IT,O3,µg/m3,2020-02-15 19:00:00 +01:00,21.75
IT,O3,µg/m3,2020-02-15 20:00:00 +01:00,12.75
IT,O3,µg/m3,2020-02-15 21:00:00 +01:00,4.5
IT,O3,µg/m3,2020-02-15 22:00:00 +01:00,4.125
IT,O3,µg/m3,2020-02-15 23:00:00 +01:00,4.25
IT,O3,µg/m3,2020-02-16 00:00:00 +01:00,3.75
IT,O3,µg/m3,2020-02-16 01:00:00 +01:00,3.5
IT,O3,µg/m3,2020-02-16 02:00:00 +01:00,4.125
IT,O3,µg/m3,2020-02-16 03:00:00 +01:00,7.625
IT,O3,µg/m3,2020-02-16 04:00:00 +01:00,10.375
IT,O3,µg/m3,2020-02-16 05:00:00 +01:00,9.125
IT,O3,µg/m3,2020-02-16 06:00:00 +01:00,6.75
IT,O3,µg/m3,2020-02-16 07:00:00 +01:00,7.25
IT,O3,µg/m3,2020-02-16 08:00:00 +01:00,12.875
IT,O3,µg/m3,2020-02-16 09:00:00 +01:00,20.5
IT,O3,µg/m3,2020-02-16 10:00:00 +01:00,31.25
IT,O3,µg/m3,2020-02-16 11:00:00 +01:00,49.875
IT,O3,µg/m3,2020-02-16 12:00:00 +01:00,61.375
IT,O3,µg/m3,2020-02-16 13:00:00 +01:00,71.25
IT,O3,µg/m3,2020-02-16 14:00:00 +01:00,79.5
IT,O3,µg/m3,2020-02-16 15:00:00 +01:00,81.625
IT,O3,µg/m3,2020-02-16 16:00:00 +01:00,80.5
IT,O3,µg/m3,2020-02-16 17:00:00 +01:00,74.0
IT,O3,µg/m3,2020-02-16 18:00:00 +01:00,60.0
IT,O3,µg/m3,2020-02-16 19:00:00 +01:00,32.25
IT,O3,µg/m3,2020-02-16 20:00:00 +01:00,18.5
IT,O3,µg/m3,2020-02-16 21:00:00 +01:00,9.125
IT,O3,µg/m3,2020-02-16 22:00:00 +01:00,4.75
IT,O3,µg/m3,2020-02-16 23:00:00 +01:00,6.25
IT,O3,µg/m3,2020-02-17 00:00:00 +01:00,3.75
IT,O3,µg/m3,2020-02-17 01:00:00 +01:00,3.5
IT,O3,µg/m3,2020-02-17 02:00:00 +01:00,4.625
IT,O3,µg/m3,2020-02-17 03:00:00 +01:00,8.375
IT,O3,µg/m3,2020-02-17 04:00:00 +01:00,10.625
IT,O3,µg/m3,2020-02-17 05:00:00 +01:00,15.0
IT,O3,µg/m3,2020-02-17 06:00:00 +01:00,10.75
IT,O3,µg/m3,2020-02-17 07:00:00 +01:00,6.5
IT,O3,µg/m3,2020-02-17 08:00:00 +01:00,7.0
IT,O3,µg/m3,2020-02-17 09:00:00 +01:00,11.625
IT,O3,µg/m3,2020-02-17 10:00:00 +01:00,19.125
IT,O3,µg/m3,2020-02-17 11:00:00 +01:00,32.125
IT,O3,µg/m3,2020-02-17 12:00:00 +01:00,44.0
IT,O3,µg/m3,2020-02-17 13:00:00 +01:00,61.75
IT,O3,µg/m3,2020-02-17 14:00:00 +01:00,65.25
IT,O3,µg/m3,2020-02-17 15:00:00 +01:00,70.875
IT,O3,µg/m3,2020-02-17 16:00:00 +01:00,70.625
IT,O3,µg/m3,2020-02-17 17:00:00 +01:00,60.75
IT,O3,µg/m3,2020-02-17 18:00:00 +01:00,38.125
IT,O3,µg/m3,2020-02-17 19:00:00 +01:00,20.0
IT,O3,µg/m3,2020-02-17 20:00:00 +01:00,10.625
IT,O3,µg/m3,2020-02-17 21:00:00 +01:00,4.25
IT,O3,µg/m3,2020-02-17 22:00:00 +01:00,3.625
IT,O3,µg/m3,2020-02-17 23:00:00 +01:00,3.25
IT,O3,µg/m3,2020-02-18 00:00:00 +01:00,3.375
IT,O3,µg/m3,2020-02-18 01:00:00 +01:00,3.375
IT,O3,µg/m3,2020-02-18 02:00:00 +01:00,4.25
IT,O3,µg/m3,2020-02-18 03:00:00 +01:00,5.75
IT,O3,µg/m3,2020-02-18 04:00:00 +01:00,9.875
IT,O3,µg/m3,2020-02-18 05:00:00 +01:00,10.75
IT,O3,µg/m3,2020-02-18 06:00:00 +01:00,5.25
IT,O3,µg/m3,2020-02-18 07:00:00 +01:00,4.125
IT,O3,µg/m3,2020-02-18 08:00:00 +01:00,6.5
IT,O3,µg/m3,2020-02-18 09:00:00 +01:00,9.25
IT,O3,µg/m3,2020-02-18 10:00:00 +01:00,13.875
IT,O3,µg/m3,2020-02-18 11:00:00 +01:00,41.375
IT,O3,µg/m3,2020-02-18 12:00:00 +01:00,63.625
IT,O3,µg/m3,2020-02-18 13:00:00 +01:00,64.0
IT,O3,µg/m3,2020-02-18 14:00:00 +01:00,66.25
IT,O3,µg/m3,2020-02-18 15:00:00 +01:00,64.125
IT,O3,µg/m3,2020-02-18 16:00:00 +01:00,58.375
IT,O3,µg/m3,2020-02-18 17:00:00 +01:00,44.25
IT,O3,µg/m3,2020-02-18 18:00:00 +01:00,28.625
IT,O3,µg/m3,2020-02-18 19:00:00 +01:00,13.625
IT,O3,µg/m3,2020-02-18 20:00:00 +01:00,10.5
IT,O3,µg/m3,2020-02-18 21:00:00 +01:00,5.75
IT,O3,µg/m3,2020-02-18 22:00:00 +01:00,3.25
IT,O3,µg/m3,2020-02-18 23:00:00 +01:00,3.0
IT,O3,µg/m3,2020-02-19 00:00:00 +01:00,3.0
IT,O3,µg/m3,2020-02-19 01:00:00 +01:00,3.0
IT,O3,µg/m3,2020-02-19 02:00:00 +01:00,3.5
IT,O3,µg/m3,2020-02-19 03:00:00 +01:00,3.875
IT,O3,µg/m3,2020-02-19 04:00:00 +01:00,5.125
IT,O3,µg/m3,2020-02-19 05:00:00 +01:00,4.75
IT,O3,µg/m3,2020-02-19 06:00:00 +01:00,8.5
IT,O3,µg/m3,2020-02-19 07:00:00 +01:00,6.25
IT,O3,µg/m3,2020-02-19 08:00:00 +01:00,7.375
IT,O3,µg/m3,2020-02-19 09:00:00 +01:00,8.5
IT,O3,µg/m3,2020-02-19 10:00:00 +01:00,13.0
IT,O3,µg/m3,2020-02-19 11:00:00 +01:00,21.25
IT,O3,µg/m3,2020-02-19 12:00:00 +01:00,23.0
IT,O3,µg/m3,2020-02-19 13:00:00 +01:00,46.625
IT,O3,µg/m3,2020-02-19 14:00:00 +01:00,62.125
IT,O3,µg/m3,2020-02-19 15:00:00 +01:00,65.625
IT,O3,µg/m3,2020-02-19 16:00:00 +01:00,56.5
IT,O3,µg/m3,2020-02-19 17:00:00 +01:00,35.0
IT,O3,µg/m3,2020-02-19 18:00:00 +01:00,17.375
IT,O3,µg/m3,2020-02-19 19:00:00 +01:00,7.625
IT,O3,µg/m3,2020-02-19 20:00:00 +01:00,7.125
IT,O3,µg/m3,2020-02-19 21:00:00 +01:00,6.5
IT,O3,µg/m3,2020-02-19 22:00:00 +01:00,6.625
IT,O3,µg/m3,2020-02-19 23:00:00 +01:00,6.25
IT,O3,µg/m3,2020-02-20 00:00:00 +01:00,3.5714285714285716
IT,O3,µg/m3,2020-02-20 01:00:00 +01:00,4.285714285714286
IT,O3,µg/m3,2020-02-20 02:00:00 +01:00,7.142857142857143
IT,O3,µg/m3,2020-02-20 03:00:00 +01:00,7.571428571428571
IT,O3,µg/m3,2020-02-20 04:00:00 +01:00,11.0
IT,O3,µg/m3,2020-02-20 05:00:00 +01:00,14.428571428571429
IT,O3,µg/m3,2020-02-20 06:00:00 +01:00,14.428571428571429
IT,O3,µg/m3,2020-02-20 07:00:00 +01:00,10.428571428571429
IT,O3,µg/m3,2020-02-20 08:00:00 +01:00,13.714285714285714
IT,O3,µg/m3,2020-02-20 09:00:00 +01:00,23.857142857142858
IT,O3,µg/m3,2020-02-20 10:00:00 +01:00,36.714285714285715
IT,O3,µg/m3,2020-02-20 11:00:00 +01:00,50.0
IT,O3,µg/m3,2020-02-20 12:00:00 +01:00,56.714285714285715
IT,O3,µg/m3,2020-02-20 13:00:00 +01:00,62.285714285714285
IT,O3,µg/m3,2020-02-20 14:00:00 +01:00,65.28571428571429
IT,O3,µg/m3,2020-02-20 15:00:00 +01:00,65.42857142857143
IT,O3,µg/m3,2020-02-20 16:00:00 +01:00,60.285714285714285
IT,O3,µg/m3,2020-02-20 17:00:00 +01:00,45.857142857142854
IT,O3,µg/m3,2020-02-20 18:00:00 +01:00,27.714285714285715
IT,O3,µg/m3,2020-02-20 19:00:00 +01:00,21.285714285714285
IT,O3,µg/m3,2020-02-20 20:00:00 +01:00,12.857142857142858
IT,O3,µg/m3,2020-02-20 21:00:00 +01:00,14.428571428571429
IT,O3,µg/m3,2020-02-20 22:00:00 +01:00,14.714285714285714
IT,O3,µg/m3,2020-02-20 23:00:00 +01:00,8.285714285714286
IT,O3,µg/m3,2020-02-21 00:00:00 +01:00,4.25
IT,O3,µg/m3,2020-02-21 01:00:00 +01:00,5.25
IT,O3,µg/m3,2020-02-21 02:00:00 +01:00,7.0
IT,O3,µg/m3,2020-02-21 03:00:00 +01:00,7.875
IT,O3,µg/m3,2020-02-21 04:00:00 +01:00,7.875
IT,O3,µg/m3,2020-02-21 05:00:00 +01:00,7.125
IT,O3,µg/m3,2020-02-21 06:00:00 +01:00,3.5
IT,O3,µg/m3,2020-02-21 07:00:00 +01:00,4.125
IT,O3,µg/m3,2020-02-21 08:00:00 +01:00,7.0
IT,O3,µg/m3,2020-02-21 09:00:00 +01:00,11.5
IT,O3,µg/m3,2020-02-21 10:00:00 +01:00,17.375
IT,O3,µg/m3,2020-02-21 11:00:00 +01:00,36.375
IT,O3,µg/m3,2020-02-21 12:00:00 +01:00,57.875
IT,O3,µg/m3,2020-02-21 13:00:00 +01:00,68.0
IT,O3,µg/m3,2020-02-21 14:00:00 +01:00,71.85714285714286
IT,O3,µg/m3,2020-02-21 15:00:00 +01:00,71.57142857142857
IT,O3,µg/m3,2020-02-21 16:00:00 +01:00,69.0
IT,O3,µg/m3,2020-02-21 17:00:00 +01:00,62.714285714285715
IT,O3,µg/m3,2020-02-21 18:00:00 +01:00,47.57142857142857
IT,O3,µg/m3,2020-02-21 19:00:00 +01:00,30.857142857142858
IT,O3,µg/m3,2020-02-21 20:00:00 +01:00,15.0
IT,O3,µg/m3,2020-02-21 21:00:00 +01:00,9.285714285714286
IT,O3,µg/m3,2020-02-21 22:00:00 +01:00,6.428571428571429
IT,O3,µg/m3,2020-02-21 23:00:00 +01:00,6.714285714285714
IT,O3,µg/m3,2020-02-22 00:00:00 +01:00,4.625
IT,O3,µg/m3,2020-02-22 01:00:00 +01:00,4.375
IT,O3,µg/m3,2020-02-22 02:00:00 +01:00,6.25
IT,O3,µg/m3,2020-02-22 03:00:00 +01:00,8.875
IT,O3,µg/m3,2020-02-22 04:00:00 +01:00,10.375
IT,O3,µg/m3,2020-02-22 05:00:00 +01:00,7.625
IT,O3,µg/m3,2020-02-22 06:00:00 +01:00,6.375
IT,O3,µg/m3,2020-02-22 07:00:00 +01:00,4.75
IT,O3,µg/m3,2020-02-22 08:00:00 +01:00,9.5
IT,O3,µg/m3,2020-02-22 09:00:00 +01:00,18.0
IT,O3,µg/m3,2020-02-22 10:00:00 +01:00,32.0
IT,O3,µg/m3,2020-02-22 11:00:00 +01:00,52.25
IT,O3,µg/m3,2020-02-22 12:00:00 +01:00,66.75
IT,O3,µg/m3,2020-02-22 13:00:00 +01:00,76.125
IT,O3,µg/m3,2020-02-22 14:00:00 +01:00,85.875
IT,O3,µg/m3,2020-02-22 15:00:00 +01:00,89.25
IT,O3,µg/m3,2020-02-22 16:00:00 +01:00,85.875
IT,O3,µg/m3,2020-02-22 17:00:00 +01:00,78.75
IT,O3,µg/m3,2020-02-22 18:00:00 +01:00,61.625
IT,O3,µg/m3,2020-02-22 19:00:00 +01:00,42.875
IT,O3,µg/m3,2020-02-22 20:00:00 +01:00,25.75
IT,O3,µg/m3,2020-02-22 21:00:00 +01:00,15.375
IT,O3,µg/m3,2020-02-22 22:00:00 +01:00,17.25
IT,O3,µg/m3,2020-02-22 23:00:00 +01:00,10.125
IT,O3,µg/m3,2020-02-23 00:00:00 +01:00,6.625
IT,O3,µg/m3,2020-02-23 01:00:00 +01:00,6.75
IT,O3,µg/m3,2020-02-23 02:00:00 +01:00,5.5
IT,O3,µg/m3,2020-02-23 03:00:00 +01:00,6.0
IT,O3,µg/m3,2020-02-23 04:00:00 +01:00,10.875
IT,O3,µg/m3,2020-02-23 05:00:00 +01:00,9.875
IT,O3,µg/m3,2020-02-23 06:00:00 +01:00,6.0
IT,O3,µg/m3,2020-02-23 07:00:00 +01:00,5.5
IT,O3,µg/m3,2020-02-23 08:00:00 +01:00,11.0
IT,O3,µg/m3,2020-02-23 09:00:00 +01:00,19.875
IT,O3,µg/m3,2020-02-23 10:00:00 +01:00,34.5
IT,O3,µg/m3,2020-02-23 11:00:00 +01:00,55.25
IT,O3,µg/m3,2020-02-23 12:00:00 +01:00,67.5
IT,O3,µg/m3,2020-02-23 13:00:00 +01:00,79.75
IT,O3,µg/m3,2020-02-23 14:00:00 +01:00,86.25
IT,O3,µg/m3,2020-02-23 15:00:00 +01:00,88.25
IT,O3,µg/m3,2020-02-23 16:00:00 +01:00,81.75
IT,O3,µg/m3,2020-02-23 17:00:00 +01:00,68.125
IT,O3,µg/m3,2020-02-23 18:00:00 +01:00,47.125
IT,O3,µg/m3,2020-02-23 19:00:00 +01:00,33.125
IT,O3,µg/m3,2020-02-23 20:00:00 +01:00,22.25
IT,O3,µg/m3,2020-02-23 21:00:00 +01:00,10.5
IT,O3,µg/m3,2020-02-23 22:00:00 +01:00,12.875
IT,O3,µg/m3,2020-02-23 23:00:00 +01:00,21.25
IT,O3,µg/m3,2020-02-24 00:00:00 +01:00,30.625
IT,O3,µg/m3,2020-02-24 01:00:00 +01:00,31.875
IT,O3,µg/m3,2020-02-24 02:00:00 +01:00,25.125
IT,O3,µg/m3,2020-02-24 03:00:00 +01:00,26.125
IT,O3,µg/m3,2020-02-24 04:00:00 +01:00,24.625
IT,O3,µg/m3,2020-02-24 05:00:00 +01:00,17.0
IT,O3,µg/m3,2020-02-24 06:00:00 +01:00,9.0
IT,O3,µg/m3,2020-02-24 07:00:00 +01:00,6.0
IT,O3,µg/m3,2020-02-24 08:00:00 +01:00,10.5
IT,O3,µg/m3,2020-02-24 09:00:00 +01:00,26.25
IT,O3,µg/m3,2020-02-24 10:00:00 +01:00,52.375
IT,O3,µg/m3,2020-02-24 11:00:00 +01:00,62.0
IT,O3,µg/m3,2020-02-24 12:00:00 +01:00,62.25
IT,O3,µg/m3,2020-02-24 13:00:00 +01:00,63.25
IT,O3,µg/m3,2020-02-24 14:00:00 +01:00,69.875
IT,O3,µg/m3,2020-02-24 15:00:00 +01:00,73.5
IT,O3,µg/m3,2020-02-24 16:00:00 +01:00,71.25
IT,O3,µg/m3,2020-02-24 17:00:00 +01:00,60.875
IT,O3,µg/m3,2020-02-24 18:00:00 +01:00,51.625
IT,O3,µg/m3,2020-02-24 19:00:00 +01:00,47.375
IT,O3,µg/m3,2020-02-24 20:00:00 +01:00,38.625
IT,O3,µg/m3,2020-02-24 21:00:00 +01:00,29.375
IT,O3,µg/m3,2020-02-24 22:00:00 +01:00,39.125
IT,O3,µg/m3,2020-02-24 23:00:00 +01:00,43.25
IT,O3,µg/m3,2020-02-25 00:00:00 +01:00,43.5
IT,O3,µg/m3,2020-02-25 01:00:00 +01:00,43.0
IT,O3,µg/m3,2020-02-25 02:00:00 +01:00,51.125
IT,O3,µg/m3,2020-02-25 03:00:00 +01:00,55.625
IT,O3,µg/m3,2020-02-25 04:00:00 +01:00,48.875
IT,O3,µg/m3,2020-02-25 05:00:00 +01:00,39.625
IT,O3,µg/m3,2020-02-25 06:00:00 +01:00,27.125
IT,O3,µg/m3,2020-02-25 07:00:00 +01:00,21.5
IT,O3,µg/m3,2020-02-25 08:00:00 +01:00,26.625
IT,O3,µg/m3,2020-02-25 09:00:00 +01:00,51.125
IT,O3,µg/m3,2020-02-25 10:00:00 +01:00,71.125
IT,O3,µg/m3,2020-02-25 11:00:00 +01:00,75.25
IT,O3,µg/m3,2020-02-25 12:00:00 +01:00,76.5
IT,O3,µg/m3,2020-02-25 13:00:00 +01:00,79.25
IT,O3,µg/m3,2020-02-25 14:00:00 +01:00,80.125
IT,O3,µg/m3,2020-02-25 15:00:00 +01:00,79.125
IT,O3,µg/m3,2020-02-25 16:00:00 +01:00,76.0
IT,O3,µg/m3,2020-02-25 17:00:00 +01:00,70.0
IT,O3,µg/m3,2020-02-25 18:00:00 +01:00,61.875
IT,O3,µg/m3,2020-02-25 19:00:00 +01:00,51.5
IT,O3,µg/m3,2020-02-25 20:00:00 +01:00,50.25
IT,O3,µg/m3,2020-02-25 21:00:00 +01:00,53.0
IT,O3,µg/m3,2020-02-25 22:00:00 +01:00,46.625
IT,O3,µg/m3,2020-02-25 23:00:00 +01:00,49.875
IT,O3,µg/m3,2020-02-26 00:00:00 +01:00,70.0
IT,O3,µg/m3,2020-02-26 01:00:00 +01:00,57.857142857142854
IT,O3,µg/m3,2020-02-26 02:00:00 +01:00,66.14285714285714
IT,O3,µg/m3,2020-02-26 03:00:00 +01:00,70.57142857142857
IT,O3,µg/m3,2020-02-26 04:00:00 +01:00,71.42857142857143
IT,O3,µg/m3,2020-02-26 05:00:00 +01:00,63.142857142857146
IT,O3,µg/m3,2020-02-26 06:00:00 +01:00,45.0
IT,O3,µg/m3,2020-02-26 07:00:00 +01:00,29.0
IT,O3,µg/m3,2020-02-26 08:00:00 +01:00,33.714285714285715
IT,O3,µg/m3,2020-02-26 09:00:00 +01:00,40.666666666666664
IT,O3,µg/m3,2020-02-26 10:00:00 +01:00,56.142857142857146
IT,O3,µg/m3,2020-02-26 11:00:00 +01:00,64.14285714285714
IT,O3,µg/m3,2020-02-26 12:00:00 +01:00,66.14285714285714
IT,O3,µg/m3,2020-02-26 13:00:00 +01:00,71.71428571428571
IT,O3,µg/m3,2020-02-26 14:00:00 +01:00,76.42857142857143
IT,O3,µg/m3,2020-02-26 15:00:00 +01:00,75.57142857142857
IT,O3,µg/m3,2020-02-26 16:00:00 +01:00,69.85714285714286
IT,O3,µg/m3,2020-02-26 17:00:00 +01:00,69.71428571428571
IT,O3,µg/m3,2020-02-26 18:00:00 +01:00,75.14285714285714
IT,O3,µg/m3,2020-02-26 19:00:00 +01:00,69.71428571428571
IT,O3,µg/m3,2020-02-26 20:00:00 +01:00,58.142857142857146
IT,O3,µg/m3,2020-02-26 21:00:00 +01:00,75.85714285714286
IT,O3,µg/m3,2020-02-26 22:00:00 +01:00,60.42857142857143
IT,O3,µg/m3,2020-02-26 23:00:00 +01:00,48.142857142857146
IT,O3,µg/m3,2020-02-27 00:00:00 +01:00,30.375
IT,O3,µg/m3,2020-02-27 01:00:00 +01:00,41.5
IT,O3,µg/m3,2020-02-27 02:00:00 +01:00,40.375
IT,O3,µg/m3,2020-02-27 03:00:00 +01:00,39.375
IT,O3,µg/m3,2020-02-27 04:00:00 +01:00,38.625
IT,O3,µg/m3,2020-02-27 05:00:00 +01:00,32.375
IT,O3,µg/m3,2020-02-27 06:00:00 +01:00,17.125
IT,O3,µg/m3,2020-02-27 07:00:00 +01:00,12.0
IT,O3,µg/m3,2020-02-27 08:00:00 +01:00,17.625
IT,O3,µg/m3,2020-02-27 09:00:00 +01:00,29.625
IT,O3,µg/m3,2020-02-27 10:00:00 +01:00,46.375
IT,O3,µg/m3,2020-02-27 11:00:00 +01:00,54.625
IT,O3,µg/m3,2020-02-27 12:00:00 +01:00,60.25
IT,O3,µg/m3,2020-02-27 13:00:00 +01:00,60.75
IT,O3,µg/m3,2020-02-27 14:00:00 +01:00,68.625
IT,O3,µg/m3,2020-02-27 15:00:00 +01:00,73.0
IT,O3,µg/m3,2020-02-27 16:00:00 +01:00,69.875
IT,O3,µg/m3,2020-02-27 17:00:00 +01:00,64.875
IT,O3,µg/m3,2020-02-27 18:00:00 +01:00,47.0
IT,O3,µg/m3,2020-02-27 19:00:00 +01:00,34.25
IT,O3,µg/m3,2020-02-27 20:00:00 +01:00,38.25
IT,O3,µg/m3,2020-02-27 21:00:00 +01:00,35.0
IT,O3,µg/m3,2020-02-27 22:00:00 +01:00,43.625
IT,O3,µg/m3,2020-02-27 23:00:00 +01:00,54.0
IT,O3,µg/m3,2020-02-28 00:00:00 +01:00,56.875
IT,O3,µg/m3,2020-02-28 01:00:00 +01:00,64.5
IT,O3,µg/m3,2020-02-28 02:00:00 +01:00,66.75
IT,O3,µg/m3,2020-02-28 03:00:00 +01:00,62.5
IT,O3,µg/m3,2020-02-28 04:00:00 +01:00,45.75
IT,O3,µg/m3,2020-02-28 05:00:00 +01:00,23.5
IT,O3,µg/m3,2020-02-28 06:00:00 +01:00,21.5
IT,O3,µg/m3,2020-02-28 07:00:00 +01:00,20.75
IT,O3,µg/m3,2020-02-28 08:00:00 +01:00,32.375
IT,O3,µg/m3,2020-02-28 09:00:00 +01:00,48.875
IT,O3,µg/m3,2020-02-28 10:00:00 +01:00,60.625
IT,O3,µg/m3,2020-02-28 11:00:00 +01:00,66.75
IT,O3,µg/m3,2020-02-28 12:00:00 +01:00,68.625
IT,O3,µg/m3,2020-02-28 13:00:00 +01:00,71.0
IT,O3,µg/m3,2020-02-28 14:00:00 +01:00,73.28571428571429
IT,O3,µg/m3,2020-02-28 15:00:00 +01:00,75.28571428571429
IT,O3,µg/m3,2020-02-28 16:00:00 +01:00,72.14285714285714
IT,O3,µg/m3,2020-02-28 17:00:00 +01:00,61.142857142857146
IT,O3,µg/m3,2020-02-28 18:00:00 +01:00,55.0
IT,O3,µg/m3,2020-02-28 19:00:00 +01:00,48.285714285714285
IT,O3,µg/m3,2020-02-28 20:00:00 +01:00,34.857142857142854
IT,O3,µg/m3,2020-02-28 21:00:00 +01:00,21.428571428571427
IT,O3,µg/m3,2020-02-28 22:00:00 +01:00,20.428571428571427
IT,O3,µg/m3,2020-02-28 23:00:00 +01:00,19.142857142857142
IT,O3,µg/m3,2020-02-29 00:00:00 +01:00,17.285714285714285
IT,O3,µg/m3,2020-02-29 01:00:00 +01:00,13.142857142857142
IT,O3,µg/m3,2020-02-29 02:00:00 +01:00,19.285714285714285
IT,O3,µg/m3,2020-02-29 03:00:00 +01:00,22.0
IT,O3,µg/m3,2020-02-29 04:00:00 +01:00,18.0
IT,O3,µg/m3,2020-02-29 05:00:00 +01:00,14.714285714285714
IT,O3,µg/m3,2020-02-29 06:00:00 +01:00,10.714285714285714
IT,O3,µg/m3,2020-02-29 07:00:00 +01:00,9.428571428571429
IT,O3,µg/m3,2020-02-29 08:00:00 +01:00,11.857142857142858
IT,O3,µg/m3,2020-02-29 09:00:00 +01:00,30.857142857142858
IT,O3,µg/m3,2020-02-29 10:00:00 +01:00,62.285714285714285
IT,O3,µg/m3,2020-02-29 11:00:00 +01:00,72.28571428571429
IT,O3,µg/m3,2020-02-29 12:00:00 +01:00,77.57142857142857
IT,O3,µg/m3,2020-02-29 13:00:00 +01:00,80.71428571428571
IT,O3,µg/m3,2020-02-29 14:00:00 +01:00,83.0
IT,O3,µg/m3,2020-02-29 15:00:00 +01:00,84.71428571428571
IT,O3,µg/m3,2020-02-29 16:00:00 +01:00,83.57142857142857
IT,O3,µg/m3,2020-02-29 17:00:00 +01:00,79.42857142857143
IT,O3,µg/m3,2020-02-29 18:00:00 +01:00,68.71428571428571
IT,O3,µg/m3,2020-02-29 19:00:00 +01:00,58.285714285714285
IT,O3,µg/m3,2020-02-29 20:00:00 +01:00,58.714285714285715
IT,O3,µg/m3,2020-02-29 21:00:00 +01:00,60.42857142857143
IT,O3,µg/m3,2020-02-29 22:00:00 +01:00,64.57142857142857
IT,O3,µg/m3,2020-02-29 23:00:00 +01:00,64.0
IT,O3,µg/m3,2020-03-01 00:00:00 +01:00,57.142857142857146
IT,O3,µg/m3,2020-03-01 01:00:00 +01:00,60.714285714285715
IT,O3,µg/m3,2020-03-01 02:00:00 +01:00,77.14285714285714
IT,O3,µg/m3,2020-03-01 03:00:00 +01:00,79.42857142857143
IT,O3,µg/m3,2020-03-01 04:00:00 +01:00,80.14285714285714
IT,O3,µg/m3,2020-03-01 05:00:00 +01:00,82.42857142857143
IT,O3,µg/m3,2020-03-01 06:00:00 +01:00,78.85714285714286
IT,O3,µg/m3,2020-03-01 07:00:00 +01:00,75.0
IT,O3,µg/m3,2020-03-01 08:00:00 +01:00,79.57142857142857
IT,O3,µg/m3,2020-03-01 09:00:00 +01:00,79.28571428571429
IT,O3,µg/m3,2020-03-01 10:00:00 +01:00,79.42857142857143
IT,O3,µg/m3,2020-03-01 11:00:00 +01:00,77.42857142857143
IT,O3,µg/m3,2020-03-01 12:00:00 +01:00,79.71428571428571
IT,O3,µg/m3,2020-03-01 13:00:00 +01:00,85.28571428571429
IT,O3,µg/m3,2020-03-01 14:00:00 +01:00,85.85714285714286
IT,O3,µg/m3,2020-03-01 15:00:00 +01:00,81.71428571428571
IT,O3,µg/m3,2020-03-01 16:00:00 +01:00,72.57142857142857
IT,O3,µg/m3,2020-03-01 17:00:00 +01:00,65.0
IT,O3,µg/m3,2020-03-01 18:00:00 +01:00,59.57142857142857
IT,O3,µg/m3,2020-03-01 19:00:00 +01:00,59.42857142857143
IT,O3,µg/m3,2020-03-01 20:00:00 +01:00,53.42857142857143
IT,O3,µg/m3,2020-03-01 21:00:00 +01:00,48.42857142857143
IT,O3,µg/m3,2020-03-01 22:00:00 +01:00,53.42857142857143
IT,O3,µg/m3,2020-03-01 23:00:00 +01:00,60.714285714285715
IT,O3,µg/m3,2020-03-02 00:00:00 +01:00,61.714285714285715
IT,O3,µg/m3,2020-03-02 01:00:00 +01:00,56.142857142857146
IT,O3,µg/m3,2020-03-02 02:00:00 +01:00,51.0
IT,O3,µg/m3,2020-03-02 03:00:00 +01:00,53.42857142857143
IT,O3,µg/m3,2020-03-02 04:00:00 +01:00,53.0
IT,O3,µg/m3,2020-03-02 05:00:00 +01:00,46.142857142857146
IT,O3,µg/m3,2020-03-02 06:00:00 +01:00,27.857142857142858
IT,O3,µg/m3,2020-03-02 07:00:00 +01:00,17.428571428571427
IT,O3,µg/m3,2020-03-02 08:00:00 +01:00,42.142857142857146
IT,O3,µg/m3,2020-03-02 09:00:00 +01:00,56.857142857142854
IT,O3,µg/m3,2020-03-02 10:00:00 +01:00,59.625
IT,O3,µg/m3,2020-03-02 11:00:00 +01:00,65.75
IT,O3,µg/m3,2020-03-02 12:00:00 +01:00,66.75
IT,O3,µg/m3,2020-03-02 13:00:00 +01:00,66.625
IT,O3,µg/m3,2020-03-02 14:00:00 +01:00,63.875
IT,O3,µg/m3,2020-03-02 15:00:00 +01:00,58.75
IT,O3,µg/m3,2020-03-02 16:00:00 +01:00,61.75
IT,O3,µg/m3,2020-03-02 17:00:00 +01:00,66.625
IT,O3,µg/m3,2020-03-02 18:00:00 +01:00,69.75
IT,O3,µg/m3,2020-03-02 19:00:00 +01:00,68.625
IT,O3,µg/m3,2020-03-02 20:00:00 +01:00,66.625
IT,O3,µg/m3,2020-03-02 21:00:00 +01:00,70.375
IT,O3,µg/m3,2020-03-02 22:00:00 +01:00,69.75
IT,O3,µg/m3,2020-03-02 23:00:00 +01:00,69.875
IT,O3,µg/m3,2020-03-03 00:00:00 +01:00,72.5
IT,O3,µg/m3,2020-03-03 01:00:00 +01:00,74.25
IT,O3,µg/m3,2020-03-03 02:00:00 +01:00,75.125
IT,O3,µg/m3,2020-03-03 03:00:00 +01:00,76.75
IT,O3,µg/m3,2020-03-03 04:00:00 +01:00,75.625
IT,O3,µg/m3,2020-03-03 05:00:00 +01:00,70.75
IT,O3,µg/m3,2020-03-03 06:00:00 +01:00,61.25
IT,O3,µg/m3,2020-03-03 07:00:00 +01:00,56.375
IT,O3,µg/m3,2020-03-03 08:00:00 +01:00,59.625
IT,O3,µg/m3,2020-03-03 09:00:00 +01:00,63.625
IT,O3,µg/m3,2020-03-03 10:00:00 +01:00,66.5
IT,O3,µg/m3,2020-03-03 11:00:00 +01:00,68.625
IT,O3,µg/m3,2020-03-03 12:00:00 +01:00,69.25
IT,O3,µg/m3,2020-03-03 13:00:00 +01:00,70.5
IT,O3,µg/m3,2020-03-03 14:00:00 +01:00,71.0
IT,O3,µg/m3,2020-03-03 15:00:00 +01:00,71.0
IT,O3,µg/m3,2020-03-03 16:00:00 +01:00,65.875
IT,O3,µg/m3,2020-03-03 17:00:00 +01:00,49.625
IT,O3,µg/m3,2020-03-03 18:00:00 +01:00,24.0
IT,O3,µg/m3,2020-03-03 19:00:00 +01:00,14.875
IT,O3,µg/m3,2020-03-03 20:00:00 +01:00,20.125
IT,O3,µg/m3,2020-03-03 21:00:00 +01:00,29.375
IT,O3,µg/m3,2020-03-03 22:00:00 +01:00,36.0
IT,O3,µg/m3,2020-03-03 23:00:00 +01:00,43.75
IT,O3,µg/m3,2020-03-04 00:00:00 +01:00,52.5
IT,O3,µg/m3,2020-03-04 01:00:00 +01:00,48.125
IT,O3,µg/m3,2020-03-04 02:00:00 +01:00,39.875
IT,O3,µg/m3,2020-03-04 03:00:00 +01:00,31.5
IT,O3,µg/m3,2020-03-04 04:00:00 +01:00,27.375
IT,O3,µg/m3,2020-03-04 05:00:00 +01:00,21.5
IT,O3,µg/m3,2020-03-04 06:00:00 +01:00,8.625
IT,O3,µg/m3,2020-03-04 07:00:00 +01:00,8.5
IT,O3,µg/m3,2020-03-04 08:00:00 +01:00,15.0
IT,O3,µg/m3,2020-03-04 09:00:00 +01:00,33.125
IT,O3,µg/m3,2020-03-04 10:00:00 +01:00,45.0
IT,O3,µg/m3,2020-03-04 11:00:00 +01:00,54.5
IT,O3,µg/m3,2020-03-04 12:00:00 +01:00,65.25
IT,O3,µg/m3,2020-03-04 13:00:00 +01:00,69.0
IT,O3,µg/m3,2020-03-04 14:00:00 +01:00,71.125
IT,O3,µg/m3,2020-03-04 15:00:00 +01:00,69.5
IT,O3,µg/m3,2020-03-04 16:00:00 +01:00,61.5
IT,O3,µg/m3,2020-03-04 17:00:00 +01:00,61.5
IT,O3,µg/m3,2020-03-04 18:00:00 +01:00,41.5
IT,O3,µg/m3,2020-03-04 19:00:00 +01:00,39.625
IT,O3,µg/m3,2020-03-04 20:00:00 +01:00,35.125
IT,O3,µg/m3,2020-03-04 21:00:00 +01:00,31.0
IT,O3,µg/m3,2020-03-04 22:00:00 +01:00,27.25
IT,O3,µg/m3,2020-03-04 23:00:00 +01:00,23.5
IT,O3,µg/m3,2020-03-05 00:00:00 +01:00,24.75
IT,O3,µg/m3,2020-03-05 01:00:00 +01:00,27.375
IT,O3,µg/m3,2020-03-05 02:00:00 +01:00,27.625
IT,O3,µg/m3,2020-03-05 03:00:00 +01:00,23.0
IT,O3,µg/m3,2020-03-05 04:00:00 +01:00,19.25
IT,O3,µg/m3,2020-03-05 05:00:00 +01:00,10.625
IT,O3,µg/m3,2020-03-05 06:00:00 +01:00,7.25
IT,O3,µg/m3,2020-03-05 07:00:00 +01:00,7.375
IT,O3,µg/m3,2020-03-05 08:00:00 +01:00,13.0
IT,O3,µg/m3,2020-03-05 09:00:00 +01:00,25.0
IT,O3,µg/m3,2020-03-05 10:00:00 +01:00,30.625
IT,O3,µg/m3,2020-03-05 11:00:00 +01:00,41.0
IT,O3,µg/m3,2020-03-05 12:00:00 +01:00,54.25
IT,O3,µg/m3,2020-03-05 13:00:00 +01:00,55.375
IT,O3,µg/m3,2020-03-05 14:00:00 +01:00,64.5
IT,O3,µg/m3,2020-03-05 15:00:00 +01:00,68.75
IT,O3,µg/m3,2020-03-05 16:00:00 +01:00,68.25
IT,O3,µg/m3,2020-03-05 17:00:00 +01:00,67.375
IT,O3,µg/m3,2020-03-05 18:00:00 +01:00,63.5
IT,O3,µg/m3,2020-03-05 19:00:00 +01:00,64.25
IT,O3,µg/m3,2020-03-05 20:00:00 +01:00,69.25
IT,O3,µg/m3,2020-03-05 21:00:00 +01:00,76.75
IT,O3,µg/m3,2020-03-05 22:00:00 +01:00,82.625
IT,O3,µg/m3,2020-03-05 23:00:00 +01:00,84.875
IT,O3,µg/m3,2020-03-06 00:00:00 +01:00,80.875
IT,O3,µg/m3,2020-03-06 01:00:00 +01:00,77.375
IT,O3,µg/m3,2020-03-06 02:00:00 +01:00,73.75
IT,O3,µg/m3,2020-03-06 03:00:00 +01:00,70.125
IT,O3,µg/m3,2020-03-06 04:00:00 +01:00,72.625
IT,O3,µg/m3,2020-03-06 05:00:00 +01:00,69.125
IT,O3,µg/m3,2020-03-06 06:00:00 +01:00,49.25
IT,O3,µg/m3,2020-03-06 07:00:00 +01:00,33.875
IT,O3,µg/m3,2020-03-06 08:00:00 +01:00,47.714285714285715
IT,O3,µg/m3,2020-03-06 09:00:00 +01:00,63.857142857142854
IT,O3,µg/m3,2020-03-06 10:00:00 +01:00,66.14285714285714
IT,O3,µg/m3,2020-03-06 11:00:00 +01:00,68.375
IT,O3,µg/m3,2020-03-06 12:00:00 +01:00,70.28571428571429
IT,O3,µg/m3,2020-03-06 13:00:00 +01:00,72.85714285714286
IT,O3,µg/m3,2020-03-06 14:00:00 +01:00,75.28571428571429
IT,O3,µg/m3,2020-03-06 15:00:00 +01:00,75.14285714285714
IT,O3,µg/m3,2020-03-06 16:00:00 +01:00,72.28571428571429
IT,O3,µg/m3,2020-03-06 17:00:00 +01:00,68.28571428571429
IT,O3,µg/m3,2020-03-06 18:00:00 +01:00,61.857142857142854
IT,O3,µg/m3,2020-03-06 19:00:00 +01:00,50.42857142857143
IT,O3,µg/m3,2020-03-06 20:00:00 +01:00,49.714285714285715
IT,O3,µg/m3,2020-03-06 21:00:00 +01:00,54.57142857142857
IT,O3,µg/m3,2020-03-06 22:00:00 +01:00,50.142857142857146
IT,O3,µg/m3,2020-03-06 23:00:00 +01:00,36.57142857142857
IT,O3,µg/m3,2020-03-07 00:00:00 +01:00,31.285714285714285
IT,O3,µg/m3,2020-03-07 01:00:00 +01:00,30.285714285714285
IT,O3,µg/m3,2020-03-07 02:00:00 +01:00,31.285714285714285
IT,O3,µg/m3,2020-03-07 03:00:00 +01:00,25.142857142857142
IT,O3,µg/m3,2020-03-07 04:00:00 +01:00,25.0
IT,O3,µg/m3,2020-03-07 05:00:00 +01:00,20.571428571428573
IT,O3,µg/m3,2020-03-07 06:00:00 +01:00,12.0
IT,O3,µg/m3,2020-03-07 07:00:00 +01:00,13.285714285714286
IT,O3,µg/m3,2020-03-07 08:00:00 +01:00,28.428571428571427
IT,O3,µg/m3,2020-03-07 09:00:00 +01:00,40.714285714285715
IT,O3,µg/m3,2020-03-07 10:00:00 +01:00,55.57142857142857
IT,O3,µg/m3,2020-03-07 11:00:00 +01:00,67.71428571428571
IT,O3,µg/m3,2020-03-07 12:00:00 +01:00,72.5
IT,O3,µg/m3,2020-03-07 13:00:00 +01:00,75.28571428571429
IT,O3,µg/m3,2020-03-07 14:00:00 +01:00,76.42857142857143
IT,O3,µg/m3,2020-03-07 15:00:00 +01:00,75.14285714285714
IT,O3,µg/m3,2020-03-07 16:00:00 +01:00,65.0
IT,O3,µg/m3,2020-03-07 17:00:00 +01:00,50.285714285714285
IT,O3,µg/m3,2020-03-07 18:00:00 +01:00,54.57142857142857
IT,O3,µg/m3,2020-03-07 19:00:00 +01:00,49.142857142857146
IT,O3,µg/m3,2020-03-07 20:00:00 +01:00,42.714285714285715
IT,O3,µg/m3,2020-03-07 21:00:00 +01:00,43.57142857142857
IT,O3,µg/m3,2020-03-07 22:00:00 +01:00,42.142857142857146
IT,O3,µg/m3,2020-03-07 23:00:00 +01:00,42.57142857142857
IT,O3,µg/m3,2020-03-08 00:00:00 +01:00,40.0
IT,O3,µg/m3,2020-03-08 01:00:00 +01:00,41.142857142857146
IT,O3,µg/m3,2020-03-08 02:00:00 +01:00,39.0
IT,O3,µg/m3,2020-03-08 03:00:00 +01:00,33.57142857142857
IT,O3,µg/m3,2020-03-08 04:00:00 +01:00,35.42857142857143
IT,O3,µg/m3,2020-03-08 05:00:00 +01:00,32.714285714285715
IT,O3,µg/m3,2020-03-08 06:00:00 +01:00,24.285714285714285
IT,O3,µg/m3,2020-03-08 07:00:00 +01:00,25.428571428571427
IT,O3,µg/m3,2020-03-08 08:00:00 +01:00,39.25
IT,O3,µg/m3,2020-03-08 09:00:00 +01:00,48.625
IT,O3,µg/m3,2020-03-08 10:00:00 +01:00,61.75
IT,O3,µg/m3,2020-03-08 11:00:00 +01:00,67.75
IT,O3,µg/m3,2020-03-08 12:00:00 +01:00,71.125
IT,O3,µg/m3,2020-03-08 13:00:00 +01:00,74.25
IT,O3,µg/m3,2020-03-08 14:00:00 +01:00,76.0
IT,O3,µg/m3,2020-03-08 15:00:00 +01:00,77.125
IT,O3,µg/m3,2020-03-08 16:00:00 +01:00,75.5
IT,O3,µg/m3,2020-03-08 17:00:00 +01:00,73.0
IT,O3,µg/m3,2020-03-08 18:00:00 +01:00,68.25
IT,O3,µg/m3,2020-03-08 19:00:00 +01:00,68.25
IT,O3,µg/m3,2020-03-08 20:00:00 +01:00,65.125
IT,O3,µg/m3,2020-03-08 21:00:00 +01:00,61.125
IT,O3,µg/m3,2020-03-08 22:00:00 +01:00,57.5
IT,O3,µg/m3,2020-03-08 23:00:00 +01:00,53.75
IT,O3,µg/m3,2020-03-09 00:00:00 +01:00,46.375
IT,O3,µg/m3,2020-03-09 01:00:00 +01:00,44.875
IT,O3,µg/m3,2020-03-09 02:00:00 +01:00,43.5
IT,O3,µg/m3,2020-03-09 03:00:00 +01:00,37.125
IT,O3,µg/m3,2020-03-09 04:00:00 +01:00,33.125
IT,O3,µg/m3,2020-03-09 05:00:00 +01:00,22.0
IT,O3,µg/m3,2020-03-09 06:00:00 +01:00,10.0
IT,O3,µg/m3,2020-03-09 07:00:00 +01:00,6.625
IT,O3,µg/m3,2020-03-09 08:00:00 +01:00,13.125
IT,O3,µg/m3,2020-03-09 09:00:00 +01:00,21.75
IT,O3,µg/m3,2020-03-09 10:00:00 +01:00,37.125
IT,O3,µg/m3,2020-03-09 11:00:00 +01:00,59.625
IT,O3,µg/m3,2020-03-09 12:00:00 +01:00,75.25
IT,O3,µg/m3,2020-03-09 13:00:00 +01:00,83.625
IT,O3,µg/m3,2020-03-09 14:00:00 +01:00,85.625
IT,O3,µg/m3,2020-03-09 15:00:00 +01:00,79.75
IT,O3,µg/m3,2020-03-09 16:00:00 +01:00,76.5
IT,O3,µg/m3,2020-03-09 17:00:00 +01:00,67.5
IT,O3,µg/m3,2020-03-09 18:00:00 +01:00,61.375
IT,O3,µg/m3,2020-03-09 19:00:00 +01:00,59.125
IT,O3,µg/m3,2020-03-09 20:00:00 +01:00,57.125
IT,O3,µg/m3,2020-03-09 21:00:00 +01:00,46.75
IT,O3,µg/m3,2020-03-09 22:00:00 +01:00,25.75
IT,O3,µg/m3,2020-03-09 23:00:00 +01:00,22.75
IT,O3,µg/m3,2020-03-10 00:00:00 +01:00,19.25
IT,O3,µg/m3,2020-03-10 01:00:00 +01:00,20.5
IT,O3,µg/m3,2020-03-10 02:00:00 +01:00,23.5
IT,O3,µg/m3,2020-03-10 03:00:00 +01:00,27.75
IT,O3,µg/m3,2020-03-10 04:00:00 +01:00,32.875
IT,O3,µg/m3,2020-03-10 05:00:00 +01:00,25.0
IT,O3,µg/m3,2020-03-10 06:00:00 +01:00,17.75
IT,O3,µg/m3,2020-03-10 07:00:00 +01:00,15.5
IT,O3,µg/m3,2020-03-10 08:00:00 +01:00,24.5
IT,O3,µg/m3,2020-03-10 09:00:00 +01:00,42.5
IT,O3,µg/m3,2020-03-10 10:00:00 +01:00,50.875
IT,O3,µg/m3,2020-03-10 11:00:00 +01:00,63.0
IT,O3,µg/m3,2020-03-10 12:00:00 +01:00,67.5
IT,O3,µg/m3,2020-03-10 13:00:00 +01:00,70.0
IT,O3,µg/m3,2020-03-10 14:00:00 +01:00,71.625
IT,O3,µg/m3,2020-03-10 15:00:00 +01:00,70.375
IT,O3,µg/m3,2020-03-10 16:00:00 +01:00,69.625
IT,O3,µg/m3,2020-03-10 17:00:00 +01:00,68.375
IT,O3,µg/m3,2020-03-10 18:00:00 +01:00,60.125
IT,O3,µg/m3,2020-03-10 19:00:00 +01:00,48.25
IT,O3,µg/m3,2020-03-10 20:00:00 +01:00,31.75
IT,O3,µg/m3,2020-03-10 21:00:00 +01:00,15.25
IT,O3,µg/m3,2020-03-10 22:00:00 +01:00,15.125
IT,O3,µg/m3,2020-03-10 23:00:00 +01:00,10.625
IT,O3,µg/m3,2020-03-11 00:00:00 +01:00,8.5
IT,O3,µg/m3,2020-03-11 01:00:00 +01:00,5.75
IT,O3,µg/m3,2020-03-11 02:00:00 +01:00,9.375
IT,O3,µg/m3,2020-03-11 03:00:00 +01:00,10.625
IT,O3,µg/m3,2020-03-11 04:00:00 +01:00,9.75
IT,O3,µg/m3,2020-03-11 05:00:00 +01:00,5.875
IT,O3,µg/m3,2020-03-11 06:00:00 +01:00,2.625
IT,O3,µg/m3,2020-03-11 07:00:00 +01:00,4.375
IT,O3,µg/m3,2020-03-11 08:00:00 +01:00,11.0
IT,O3,µg/m3,2020-03-11 09:00:00 +01:00,22.0
IT,O3,µg/m3,2020-03-11 10:00:00 +01:00,38.75
IT,O3,µg/m3,2020-03-11 11:00:00 +01:00,60.875
IT,O3,µg/m3,2020-03-11 12:00:00 +01:00,79.125
IT,O3,µg/m3,2020-03-11 13:00:00 +01:00,84.75
IT,O3,µg/m3,2020-03-11 14:00:00 +01:00,87.25
IT,O3,µg/m3,2020-03-11 15:00:00 +01:00,83.125
IT,O3,µg/m3,2020-03-11 16:00:00 +01:00,79.625
IT,O3,µg/m3,2020-03-11 17:00:00 +01:00,72.625
IT,O3,µg/m3,2020-03-11 18:00:00 +01:00,59.375
IT,O3,µg/m3,2020-03-11 19:00:00 +01:00,45.625
IT,O3,µg/m3,2020-03-11 20:00:00 +01:00,32.875
IT,O3,µg/m3,2020-03-11 21:00:00 +01:00,25.25
IT,O3,µg/m3,2020-03-11 22:00:00 +01:00,47.0
IT,O3,µg/m3,2020-03-11 23:00:00 +01:00,56.875
IT,O3,µg/m3,2020-03-12 00:00:00 +01:00,43.5
IT,O3,µg/m3,2020-03-12 01:00:00 +01:00,38.875
IT,O3,µg/m3,2020-03-12 02:00:00 +01:00,25.25
IT,O3,µg/m3,2020-03-12 03:00:00 +01:00,16.75
IT,O3,µg/m3,2020-03-12 04:00:00 +01:00,15.5
IT,O3,µg/m3,2020-03-12 05:00:00 +01:00,11.875
IT,O3,µg/m3,2020-03-12 06:00:00 +01:00,11.0
IT,O3,µg/m3,2020-03-12 07:00:00 +01:00,12.25
IT,O3,µg/m3,2020-03-12 08:00:00 +01:00,18.875
IT,O3,µg/m3,2020-03-12 09:00:00 +01:00,37.5
IT,O3,µg/m3,2020-03-12 10:00:00 +01:00,63.25
IT,O3,µg/m3,2020-03-12 11:00:00 +01:00,77.75
IT,O3,µg/m3,2020-03-12 12:00:00 +01:00,84.75
IT,O3,µg/m3,2020-03-12 13:00:00 +01:00,88.375
IT,O3,µg/m3,2020-03-12 14:00:00 +01:00,91.375
IT,O3,µg/m3,2020-03-12 15:00:00 +01:00,89.0
IT,O3,µg/m3,2020-03-12 16:00:00 +01:00,87.375
IT,O3,µg/m3,2020-03-12 17:00:00 +01:00,84.375
IT,O3,µg/m3,2020-03-12 18:00:00 +01:00,74.75
IT,O3,µg/m3,2020-03-12 19:00:00 +01:00,65.75
IT,O3,µg/m3,2020-03-12 20:00:00 +01:00,58.0
IT,O3,µg/m3,2020-03-12 21:00:00 +01:00,32.375
IT,O3,µg/m3,2020-03-12 22:00:00 +01:00,17.375
IT,O3,µg/m3,2020-03-12 23:00:00 +01:00,13.0
IT,O3,µg/m3,2020-03-13 00:00:00 +01:00,13.75
IT,O3,µg/m3,2020-03-13 01:00:00 +01:00,8.125
IT,O3,µg/m3,2020-03-13 02:00:00 +01:00,8.5
IT,O3,µg/m3,2020-03-13 03:00:00 +01:00,10.125
IT,O3,µg/m3,2020-03-13 04:00:00 +01:00,12.0
IT,O3,µg/m3,2020-03-13 05:00:00 +01:00,10.375
IT,O3,µg/m3,2020-03-13 06:00:00 +01:00,8.75
IT,O3,µg/m3,2020-03-13 07:00:00 +01:00,7.125
IT,O3,µg/m3,2020-03-13 08:00:00 +01:00,10.25
IT,O3,µg/m3,2020-03-13 09:00:00 +01:00,16.0
IT,O3,µg/m3,2020-03-13 10:00:00 +01:00,28.25
IT,O3,µg/m3,2020-03-13 11:00:00 +01:00,46.0
IT,O3,µg/m3,2020-03-13 12:00:00 +01:00,59.125
IT,O3,µg/m3,2020-03-13 13:00:00 +01:00,60.25
IT,O3,µg/m3,2020-03-13 14:00:00 +01:00,64.375
IT,O3,µg/m3,2020-03-13 15:00:00 +01:00,63.75
IT,O3,µg/m3,2020-03-13 16:00:00 +01:00,58.5
IT,O3,µg/m3,2020-03-13 17:00:00 +01:00,55.375
IT,O3,µg/m3,2020-03-13 18:00:00 +01:00,50.75
IT,O3,µg/m3,2020-03-13 19:00:00 +01:00,48.375
IT,O3,µg/m3,2020-03-13 20:00:00 +01:00,41.0
IT,O3,µg/m3,2020-03-13 21:00:00 +01:00,34.5
IT,O3,µg/m3,2020-03-13 22:00:00 +01:00,33.375
IT,O3,µg/m3,2020-03-13 23:00:00 +01:00,35.625
IT,O3,µg/m3,2020-03-14 00:00:00 +01:00,44.625
IT,O3,µg/m3,2020-03-14 01:00:00 +01:00,45.0
IT,O3,µg/m3,2020-03-14 02:00:00 +01:00,49.125
IT,O3,µg/m3,2020-03-14 03:00:00 +01:00,44.125
IT,O3,µg/m3,2020-03-14 04:00:00 +01:00,39.25
IT,O3,µg/m3,2020-03-14 05:00:00 +01:00,33.625
IT,O3,µg/m3,2020-03-14 06:00:00 +01:00,25.25
IT,O3,µg/m3,2020-03-14 07:00:00 +01:00,31.5
IT,O3,µg/m3,2020-03-14 08:00:00 +01:00,37.25
IT,O3,µg/m3,2020-03-14 09:00:00 +01:00,46.125
IT,O3,µg/m3,2020-03-14 10:00:00 +01:00,53.0
IT,O3,µg/m3,2020-03-14 11:00:00 +01:00,54.125
IT,O3,µg/m3,2020-03-14 12:00:00 +01:00,62.75
IT,O3,µg/m3,2020-03-14 13:00:00 +01:00,64.625
IT,O3,µg/m3,2020-03-14 14:00:00 +01:00,65.875
IT,O3,µg/m3,2020-03-14 15:00:00 +01:00,65.5
IT,O3,µg/m3,2020-03-14 16:00:00 +01:00,64.0
IT,O3,µg/m3,2020-03-14 17:00:00 +01:00,61.25
IT,O3,µg/m3,2020-03-14 18:00:00 +01:00,53.75
IT,O3,µg/m3,2020-03-14 19:00:00 +01:00,41.75
IT,O3,µg/m3,2020-03-14 20:00:00 +01:00,35.25
IT,O3,µg/m3,2020-03-14 21:00:00 +01:00,35.875
IT,O3,µg/m3,2020-03-14 22:00:00 +01:00,38.375
IT,O3,µg/m3,2020-03-14 23:00:00 +01:00,38.0
IT,O3,µg/m3,2020-03-15 00:00:00 +01:00,37.375
IT,O3,µg/m3,2020-03-15 01:00:00 +01:00,43.375
IT,O3,µg/m3,2020-03-15 02:00:00 +01:00,47.375
IT,O3,µg/m3,2020-03-15 03:00:00 +01:00,52.375
IT,O3,µg/m3,2020-03-15 04:00:00 +01:00,52.625
IT,O3,µg/m3,2020-03-15 05:00:00 +01:00,49.375
IT,O3,µg/m3,2020-03-15 06:00:00 +01:00,47.25
IT,O3,µg/m3,2020-03-15 07:00:00 +01:00,46.875
IT,O3,µg/m3,2020-03-15 08:00:00 +01:00,52.875
IT,O3,µg/m3,2020-03-15 09:00:00 +01:00,57.125
IT,O3,µg/m3,2020-03-15 10:00:00 +01:00,59.25
IT,O3,µg/m3,2020-03-15 11:00:00 +01:00,65.125
IT,O3,µg/m3,2020-03-15 12:00:00 +01:00,71.25
IT,O3,µg/m3,2020-03-15 13:00:00 +01:00,75.375
IT,O3,µg/m3,2020-03-15 14:00:00 +01:00,78.5
IT,O3,µg/m3,2020-03-15 15:00:00 +01:00,79.375
IT,O3,µg/m3,2020-03-15 16:00:00 +01:00,80.25
IT,O3,µg/m3,2020-03-15 17:00:00 +01:00,78.625
IT,O3,µg/m3,2020-03-15 18:00:00 +01:00,73.25
IT,O3,µg/m3,2020-03-15 19:00:00 +01:00,65.25
IT,O3,µg/m3,2020-03-15 20:00:00 +01:00,49.75
IT,O3,µg/m3,2020-03-15 21:00:00 +01:00,35.625
IT,O3,µg/m3,2020-03-15 22:00:00 +01:00,38.5
IT,O3,µg/m3,2020-03-15 23:00:00 +01:00,44.75
IT,O3,µg/m3,2020-03-16 00:00:00 +01:00,41.125
IT,O3,µg/m3,2020-03-16 01:00:00 +01:00,42.0
IT,O3,µg/m3,2020-03-16 02:00:00 +01:00,43.25
IT,O3,µg/m3,2020-03-16 03:00:00 +01:00,43.25
IT,O3,µg/m3,2020-03-16 04:00:00 +01:00,36.875
IT,O3,µg/m3,2020-03-16 05:00:00 +01:00,30.875
IT,O3,µg/m3,2020-03-16 06:00:00 +01:00,24.625
IT,O3,µg/m3,2020-03-16 07:00:00 +01:00,24.75
IT,O3,µg/m3,2020-03-16 08:00:00 +01:00,31.75
IT,O3,µg/m3,2020-03-16 09:00:00 +01:00,45.375
IT,O3,µg/m3,2020-03-16 10:00:00 +01:00,59.75
IT,O3,µg/m3,2020-03-16 11:00:00 +01:00,68.875
IT,O3,µg/m3,2020-03-16 12:00:00 +01:00,77.125
IT,O3,µg/m3,2020-03-16 13:00:00 +01:00,83.125
IT,O3,µg/m3,2020-03-16 14:00:00 +01:00,85.5
IT,O3,µg/m3,2020-03-16 15:00:00 +01:00,86.625
IT,O3,µg/m3,2020-03-16 16:00:00 +01:00,87.375
IT,O3,µg/m3,2020-03-16 17:00:00 +01:00,86.125
IT,O3,µg/m3,2020-03-16 18:00:00 +01:00,75.25
IT,O3,µg/m3,2020-03-16 19:00:00 +01:00,51.875
IT,O3,µg/m3,2020-03-16 20:00:00 +01:00,31.25
IT,O3,µg/m3,2020-03-16 21:00:00 +01:00,30.375
IT,O3,µg/m3,2020-03-16 22:00:00 +01:00,25.0
IT,O3,µg/m3,2020-03-16 23:00:00 +01:00,29.5
IT,O3,µg/m3,2020-03-17 00:00:00 +01:00,27.625
IT,O3,µg/m3,2020-03-17 01:00:00 +01:00,31.75
IT,O3,µg/m3,2020-03-17 02:00:00 +01:00,33.375
IT,O3,µg/m3,2020-03-17 03:00:00 +01:00,33.375
IT,O3,µg/m3,2020-03-17 04:00:00 +01:00,30.625
IT,O3,µg/m3,2020-03-17 05:00:00 +01:00,22.875
IT,O3,µg/m3,2020-03-17 06:00:00 +01:00,12.0
IT,O3,µg/m3,2020-03-17 07:00:00 +01:00,12.875
IT,O3,µg/m3,2020-03-17 08:00:00 +01:00,23.375
IT,O3,µg/m3,2020-03-17 09:00:00 +01:00,36.25
IT,O3,µg/m3,2020-03-17 10:00:00 +01:00,47.875
IT,O3,µg/m3,2020-03-17 11:00:00 +01:00,62.0
IT,O3,µg/m3,2020-03-17 12:00:00 +01:00,70.875
IT,O3,µg/m3,2020-03-17 13:00:00 +01:00,73.125
IT,O3,µg/m3,2020-03-17 14:00:00 +01:00,76.375
IT,O3,µg/m3,2020-03-17 15:00:00 +01:00,78.5
IT,O3,µg/m3,2020-03-17 16:00:00 +01:00,76.75
IT,O3,µg/m3,2020-03-17 17:00:00 +01:00,74.0
IT,O3,µg/m3,2020-03-17 18:00:00 +01:00,67.625
IT,O3,µg/m3,2020-03-17 19:00:00 +01:00,56.625
IT,O3,µg/m3,2020-03-17 20:00:00 +01:00,43.0
IT,O3,µg/m3,2020-03-17 21:00:00 +01:00,25.75
IT,O3,µg/m3,2020-03-17 22:00:00 +01:00,15.875
IT,O3,µg/m3,2020-03-17 23:00:00 +01:00,12.375
IT,O3,µg/m3,2020-03-18 00:00:00 +01:00,13.375
IT,O3,µg/m3,2020-03-18 01:00:00 +01:00,14.375
IT,O3,µg/m3,2020-03-18 02:00:00 +01:00,15.375
IT,O3,µg/m3,2020-03-18 03:00:00 +01:00,16.75
IT,O3,µg/m3,2020-03-18 04:00:00 +01:00,15.875
IT,O3,µg/m3,2020-03-18 05:00:00 +01:00,13.625
IT,O3,µg/m3,2020-03-18 06:00:00 +01:00,7.5
IT,O3,µg/m3,2020-03-18 07:00:00 +01:00,9.75
IT,O3,µg/m3,2020-03-18 08:00:00 +01:00,24.375
IT,O3,µg/m3,2020-03-18 09:00:00 +01:00,42.0
IT,O3,µg/m3,2020-03-18 10:00:00 +01:00,54.75
IT,O3,µg/m3,2020-03-18 11:00:00 +01:00,66.875
IT,O3,µg/m3,2020-03-18 12:00:00 +01:00,78.75
IT,O3,µg/m3,2020-03-18 13:00:00 +01:00,85.125
IT,O3,µg/m3,2020-03-18 14:00:00 +01:00,89.375
IT,O3,µg/m3,2020-03-18 15:00:00 +01:00,92.75
IT,O3,µg/m3,2020-03-18 16:00:00 +01:00,94.25
IT,O3,µg/m3,2020-03-18 17:00:00 +01:00,88.875
IT,O3,µg/m3,2020-03-18 18:00:00 +01:00,73.75
IT,O3,µg/m3,2020-03-18 19:00:00 +01:00,53.125
IT,O3,µg/m3,2020-03-18 20:00:00 +01:00,23.375
IT,O3,µg/m3,2020-03-18 21:00:00 +01:00,10.625
IT,O3,µg/m3,2020-03-18 22:00:00 +01:00,9.0
IT,O3,µg/m3,2020-03-18 23:00:00 +01:00,8.5
IT,O3,µg/m3,2020-03-19 00:00:00 +01:00,8.125
IT,O3,µg/m3,2020-03-19 01:00:00 +01:00,14.375
IT,O3,µg/m3,2020-03-19 02:00:00 +01:00,20.375
IT,O3,µg/m3,2020-03-19 03:00:00 +01:00,18.625
IT,O3,µg/m3,2020-03-19 04:00:00 +01:00,18.75
IT,O3,µg/m3,2020-03-19 05:00:00 +01:00,15.875
IT,O3,µg/m3,2020-03-19 06:00:00 +01:00,13.375
IT,O3,µg/m3,2020-03-19 07:00:00 +01:00,14.625
IT,O3,µg/m3,2020-03-19 08:00:00 +01:00,23.25
IT,O3,µg/m3,2020-03-19 09:00:00 +01:00,36.375
IT,O3,µg/m3,2020-03-19 10:00:00 +01:00,55.25
IT,O3,µg/m3,2020-03-19 11:00:00 +01:00,73.875
IT,O3,µg/m3,2020-03-19 12:00:00 +01:00,91.625
IT,O3,µg/m3,2020-03-19 13:00:00 +01:00,100.5
IT,O3,µg/m3,2020-03-19 14:00:00 +01:00,101.25
IT,O3,µg/m3,2020-03-19 15:00:00 +01:00,100.375
IT,O3,µg/m3,2020-03-19 16:00:00 +01:00,98.5
IT,O3,µg/m3,2020-03-19 17:00:00 +01:00,96.0
IT,O3,µg/m3,2020-03-19 18:00:00 +01:00,90.0
IT,O3,µg/m3,2020-03-19 19:00:00 +01:00,79.0
IT,O3,µg/m3,2020-03-19 20:00:00 +01:00,51.5
IT,O3,µg/m3,2020-03-19 21:00:00 +01:00,24.5
IT,O3,µg/m3,2020-03-19 22:00:00 +01:00,17.0
IT,O3,µg/m3,2020-03-19 23:00:00 +01:00,18.25
IT,O3,µg/m3,2020-03-20 00:00:00 +01:00,16.125
IT,O3,µg/m3,2020-03-20 01:00:00 +01:00,15.125
IT,O3,µg/m3,2020-03-20 02:00:00 +01:00,14.375
IT,O3,µg/m3,2020-03-20 03:00:00 +01:00,15.25
IT,O3,µg/m3,2020-03-20 04:00:00 +01:00,15.375
IT,O3,µg/m3,2020-03-20 05:00:00 +01:00,13.0
IT,O3,µg/m3,2020-03-20 06:00:00 +01:00,7.375
IT,O3,µg/m3,2020-03-20 07:00:00 +01:00,11.25
IT,O3,µg/m3,2020-03-20 08:00:00 +01:00,19.125
IT,O3,µg/m3,2020-03-20 09:00:00 +01:00,38.125
IT,O3,µg/m3,2020-03-20 10:00:00 +01:00,60.25
IT,O3,µg/m3,2020-03-20 11:00:00 +01:00,74.875
IT,O3,µg/m3,2020-03-20 12:00:00 +01:00,87.375
IT,O3,µg/m3,2020-03-20 13:00:00 +01:00,96.625
IT,O3,µg/m3,2020-03-20 14:00:00 +01:00,96.625
IT,O3,µg/m3,2020-03-20 15:00:00 +01:00,96.875
IT,O3,µg/m3,2020-03-20 16:00:00 +01:00,96.0
IT,O3,µg/m3,2020-03-20 17:00:00 +01:00,91.625
IT,O3,µg/m3,2020-03-20 18:00:00 +01:00,79.0
IT,O3,µg/m3,2020-03-20 19:00:00 +01:00,64.5
IT,O3,µg/m3,2020-03-20 20:00:00 +01:00,52.375
IT,O3,µg/m3,2020-03-20 21:00:00 +01:00,38.125
IT,O3,µg/m3,2020-03-20 22:00:00 +01:00,31.75
IT,O3,µg/m3,2020-03-20 23:00:00 +01:00,18.875
IT,O3,µg/m3,2020-03-21 00:00:00 +01:00,17.0
IT,O3,µg/m3,2020-03-21 01:00:00 +01:00,17.125
IT,O3,µg/m3,2020-03-21 02:00:00 +01:00,11.875
IT,O3,µg/m3,2020-03-21 03:00:00 +01:00,14.5
IT,O3,µg/m3,2020-03-21 04:00:00 +01:00,15.625
IT,O3,µg/m3,2020-03-21 05:00:00 +01:00,12.875
IT,O3,µg/m3,2020-03-21 06:00:00 +01:00,7.625
IT,O3,µg/m3,2020-03-21 07:00:00 +01:00,11.625
IT,O3,µg/m3,2020-03-21 08:00:00 +01:00,22.125
IT,O3,µg/m3,2020-03-21 09:00:00 +01:00,40.625
IT,O3,µg/m3,2020-03-21 10:00:00 +01:00,63.25
IT,O3,µg/m3,2020-03-21 11:00:00 +01:00,84.25
IT,O3,µg/m3,2020-03-21 12:00:00 +01:00,92.375
IT,O3,µg/m3,2020-03-21 13:00:00 +01:00,102.625
IT,O3,µg/m3,2020-03-21 14:00:00 +01:00,94.25
IT,O3,µg/m3,2020-03-21 15:00:00 +01:00,92.75
IT,O3,µg/m3,2020-03-21 16:00:00 +01:00,92.5
IT,O3,µg/m3,2020-03-21 17:00:00 +01:00,86.875
IT,O3,µg/m3,2020-03-21 18:00:00 +01:00,79.0
IT,O3,µg/m3,2020-03-21 19:00:00 +01:00,63.25
IT,O3,µg/m3,2020-03-21 20:00:00 +01:00,42.25
IT,O3,µg/m3,2020-03-21 21:00:00 +01:00,31.125
IT,O3,µg/m3,2020-03-21 22:00:00 +01:00,22.75
IT,O3,µg/m3,2020-03-21 23:00:00 +01:00,19.875
IT,O3,µg/m3,2020-03-22 00:00:00 +01:00,16.625
IT,O3,µg/m3,2020-03-22 01:00:00 +01:00,16.714285714285715
IT,O3,µg/m3,2020-03-22 02:00:00 +01:00,18.714285714285715
IT,O3,µg/m3,2020-03-22 03:00:00 +01:00,24.428571428571427
IT,O3,µg/m3,2020-03-22 04:00:00 +01:00,21.714285714285715
IT,O3,µg/m3,2020-03-22 05:00:00 +01:00,18.857142857142858
IT,O3,µg/m3,2020-03-22 06:00:00 +01:00,16.0
IT,O3,µg/m3,2020-03-22 07:00:00 +01:00,19.625
IT,O3,µg/m3,2020-03-22 08:00:00 +01:00,33.75
IT,O3,µg/m3,2020-03-22 09:00:00 +01:00,54.142857142857146
IT,O3,µg/m3,2020-03-22 10:00:00 +01:00,76.5
IT,O3,µg/m3,2020-03-22 11:00:00 +01:00,89.75
IT,O3,µg/m3,2020-03-22 12:00:00 +01:00,97.625
IT,O3,µg/m3,2020-03-22 13:00:00 +01:00,100.375
IT,O3,µg/m3,2020-03-22 14:00:00 +01:00,98.25
IT,O3,µg/m3,2020-03-22 15:00:00 +01:00,96.75
IT,O3,µg/m3,2020-03-22 16:00:00 +01:00,97.375
IT,O3,µg/m3,2020-03-22 17:00:00 +01:00,94.75
IT,O3,µg/m3,2020-03-22 18:00:00 +01:00,92.5
IT,O3,µg/m3,2020-03-22 19:00:00 +01:00,84.25
IT,O3,µg/m3,2020-03-22 20:00:00 +01:00,78.75
IT,O3,µg/m3,2020-03-22 21:00:00 +01:00,67.25
IT,O3,µg/m3,2020-03-22 22:00:00 +01:00,61.0
IT,O3,µg/m3,2020-03-22 23:00:00 +01:00,59.25
IT,O3,µg/m3,2020-03-23 00:00:00 +01:00,60.0
IT,O3,µg/m3,2020-03-23 01:00:00 +01:00,61.875
IT,O3,µg/m3,2020-03-23 02:00:00 +01:00,61.125
IT,O3,µg/m3,2020-03-23 03:00:00 +01:00,64.375
IT,O3,µg/m3,2020-03-23 04:00:00 +01:00,65.625
IT,O3,µg/m3,2020-03-23 05:00:00 +01:00,64.125
IT,O3,µg/m3,2020-03-23 06:00:00 +01:00,62.5
IT,O3,µg/m3,2020-03-23 07:00:00 +01:00,63.0
IT,O3,µg/m3,2020-03-23 08:00:00 +01:00,64.125
IT,O3,µg/m3,2020-03-23 09:00:00 +01:00,67.375
IT,O3,µg/m3,2020-03-23 10:00:00 +01:00,71.625
IT,O3,µg/m3,2020-03-23 11:00:00 +01:00,76.0
IT,O3,µg/m3,2020-03-23 12:00:00 +01:00,78.375
IT,O3,µg/m3,2020-03-23 13:00:00 +01:00,79.375
IT,O3,µg/m3,2020-03-23 14:00:00 +01:00,79.125
IT,O3,µg/m3,2020-03-23 15:00:00 +01:00,78.75
IT,O3,µg/m3,2020-03-23 16:00:00 +01:00,76.25
IT,O3,µg/m3,2020-03-23 17:00:00 +01:00,74.0
IT,O3,µg/m3,2020-03-23 18:00:00 +01:00,72.875
IT,O3,µg/m3,2020-03-23 19:00:00 +01:00,73.625
IT,O3,µg/m3,2020-03-23 20:00:00 +01:00,74.125
IT,O3,µg/m3,2020-03-23 21:00:00 +01:00,73.375
IT,O3,µg/m3,2020-03-23 22:00:00 +01:00,72.5
IT,O3,µg/m3,2020-03-23 23:00:00 +01:00,71.625
IT,O3,µg/m3,2020-03-24 00:00:00 +01:00,69.375
IT,O3,µg/m3,2020-03-24 01:00:00 +01:00,68.375
IT,O3,µg/m3,2020-03-24 02:00:00 +01:00,68.375
IT,O3,µg/m3,2020-03-24 03:00:00 +01:00,67.125
IT,O3,µg/m3,2020-03-24 04:00:00 +01:00,64.875
IT,O3,µg/m3,2020-03-24 05:00:00 +01:00,58.5
IT,O3,µg/m3,2020-03-24 06:00:00 +01:00,47.125
IT,O3,µg/m3,2020-03-24 07:00:00 +01:00,49.5
IT,O3,µg/m3,2020-03-24 08:00:00 +01:00,58.625
IT,O3,µg/m3,2020-03-24 09:00:00 +01:00,62.714285714285715
IT,O3,µg/m3,2020-03-24 10:00:00 +01:00,65.28571428571429
IT,O3,µg/m3,2020-03-24 11:00:00 +01:00,65.71428571428571
IT,O3,µg/m3,2020-03-24 12:00:00 +01:00,66.28571428571429
IT,O3,µg/m3,2020-03-24 13:00:00 +01:00,68.0
IT,O3,µg/m3,2020-03-24 14:00:00 +01:00,69.0
IT,O3,µg/m3,2020-03-24 15:00:00 +01:00,70.57142857142857
IT,O3,µg/m3,2020-03-24 16:00:00 +01:00,69.28571428571429
IT,O3,µg/m3,2020-03-24 17:00:00 +01:00,67.71428571428571
IT,O3,µg/m3,2020-03-24 18:00:00 +01:00,65.57142857142857
IT,O3,µg/m3,2020-03-24 19:00:00 +01:00,64.14285714285714
IT,O3,µg/m3,2020-03-24 20:00:00 +01:00,63.0
IT,O3,µg/m3,2020-03-24 21:00:00 +01:00,62.57142857142857
IT,O3,µg/m3,2020-03-24 22:00:00 +01:00,63.0
IT,O3,µg/m3,2020-03-24 23:00:00 +01:00,62.857142857142854
IT,O3,µg/m3,2020-03-25 00:00:00 +01:00,59.857142857142854
IT,O3,µg/m3,2020-03-25 01:00:00 +01:00,57.857142857142854
IT,O3,µg/m3,2020-03-25 02:00:00 +01:00,56.714285714285715
IT,O3,µg/m3,2020-03-25 03:00:00 +01:00,55.42857142857143
IT,O3,µg/m3,2020-03-25 04:00:00 +01:00,51.857142857142854
IT,O3,µg/m3,2020-03-25 05:00:00 +01:00,44.0
IT,O3,µg/m3,2020-03-25 06:00:00 +01:00,34.285714285714285
IT,O3,µg/m3,2020-03-25 07:00:00 +01:00,40.142857142857146
IT,O3,µg/m3,2020-03-25 08:00:00 +01:00,51.875
IT,O3,µg/m3,2020-03-25 09:00:00 +01:00,59.5
IT,O3,µg/m3,2020-03-25 10:00:00 +01:00,68.375
IT,O3,µg/m3,2020-03-25 11:00:00 +01:00,74.25
IT,O3,µg/m3,2020-03-25 12:00:00 +01:00,77.5
IT,O3,µg/m3,2020-03-25 13:00:00 +01:00,82.375
IT,O3,µg/m3,2020-03-25 14:00:00 +01:00,84.375
IT,O3,µg/m3,2020-03-25 15:00:00 +01:00,85.0
IT,O3,µg/m3,2020-03-25 16:00:00 +01:00,79.25
IT,O3,µg/m3,2020-03-25 17:00:00 +01:00,75.75
IT,O3,µg/m3,2020-03-25 18:00:00 +01:00,74.75
IT,O3,µg/m3,2020-03-25 19:00:00 +01:00,66.625
IT,O3,µg/m3,2020-03-25 20:00:00 +01:00,69.875
IT,O3,µg/m3,2020-03-25 21:00:00 +01:00,68.25
IT,O3,µg/m3,2020-03-25 22:00:00 +01:00,70.0
IT,O3,µg/m3,2020-03-25 23:00:00 +01:00,69.125
IT,O3,µg/m3,2020-03-26 00:00:00 +01:00,67.625
IT,O3,µg/m3,2020-03-26 01:00:00 +01:00,65.375
IT,O3,µg/m3,2020-03-26 02:00:00 +01:00,62.875
IT,O3,µg/m3,2020-03-26 03:00:00 +01:00,60.5
IT,O3,µg/m3,2020-03-26 04:00:00 +01:00,55.75
IT,O3,µg/m3,2020-03-26 05:00:00 +01:00,47.375
IT,O3,µg/m3,2020-03-26 06:00:00 +01:00,41.125
IT,O3,µg/m3,2020-03-26 07:00:00 +01:00,35.625
IT,O3,µg/m3,2020-03-26 08:00:00 +01:00,39.0
IT,O3,µg/m3,2020-03-26 09:00:00 +01:00,40.625
IT,O3,µg/m3,2020-03-26 10:00:00 +01:00,43.5
IT,O3,µg/m3,2020-03-26 11:00:00 +01:00,38.0
IT,O3,µg/m3,2020-03-26 12:00:00 +01:00,28.375
IT,O3,µg/m3,2020-03-26 13:00:00 +01:00,29.875
IT,O3,µg/m3,2020-03-26 14:00:00 +01:00,24.0
IT,O3,µg/m3,2020-03-26 15:00:00 +01:00,23.5
IT,O3,µg/m3,2020-03-26 16:00:00 +01:00,19.25
IT,O3,µg/m3,2020-03-26 17:00:00 +01:00,24.375
IT,O3,µg/m3,2020-03-26 18:00:00 +01:00,25.125
IT,O3,µg/m3,2020-03-26 19:00:00 +01:00,18.75
IT,O3,µg/m3,2020-03-26 20:00:00 +01:00,24.75
IT,O3,µg/m3,2020-03-26 21:00:00 +01:00,22.125
IT,O3,µg/m3,2020-03-26 22:00:00 +01:00,26.0
IT,O3,µg/m3,2020-03-26 23:00:00 +01:00,30.75
IT,O3,µg/m3,2020-03-27 00:00:00 +01:00,28.875
IT,O3,µg/m3,2020-03-27 01:00:00 +01:00,25.75
IT,O3,µg/m3,2020-03-27 02:00:00 +01:00,30.75
IT,O3,µg/m3,2020-03-27 03:00:00 +01:00,29.0
IT,O3,µg/m3,2020-03-27 04:00:00 +01:00,24.0
IT,O3,µg/m3,2020-03-27 05:00:00 +01:00,15.375
IT,O3,µg/m3,2020-03-27 06:00:00 +01:00,9.125
IT,O3,µg/m3,2020-03-27 07:00:00 +01:00,14.625
IT,O3,µg/m3,2020-03-27 08:00:00 +01:00,26.25
IT,O3,µg/m3,2020-03-27 09:00:00 +01:00,45.0
IT,O3,µg/m3,2020-03-27 10:00:00 +01:00,53.375
IT,O3,µg/m3,2020-03-27 11:00:00 +01:00,64.625
IT,O3,µg/m3,2020-03-27 12:00:00 +01:00,67.75
IT,O3,µg/m3,2020-03-27 13:00:00 +01:00,68.5
IT,O3,µg/m3,2020-03-27 14:00:00 +01:00,68.125
IT,O3,µg/m3,2020-03-27 15:00:00 +01:00,63.375
IT,O3,µg/m3,2020-03-27 16:00:00 +01:00,58.375
IT,O3,µg/m3,2020-03-27 17:00:00 +01:00,52.5
IT,O3,µg/m3,2020-03-27 18:00:00 +01:00,41.75
IT,O3,µg/m3,2020-03-27 19:00:00 +01:00,27.75
IT,O3,µg/m3,2020-03-27 20:00:00 +01:00,19.375
IT,O3,µg/m3,2020-03-27 21:00:00 +01:00,17.0
IT,O3,µg/m3,2020-03-27 22:00:00 +01:00,16.125
IT,O3,µg/m3,2020-03-27 23:00:00 +01:00,14.875
IT,O3,µg/m3,2020-03-28 00:00:00 +01:00,14.875
IT,O3,µg/m3,2020-03-28 01:00:00 +01:00,16.0
IT,O3,µg/m3,2020-03-28 02:00:00 +01:00,16.5
IT,O3,µg/m3,2020-03-28 03:00:00 +01:00,18.125
IT,O3,µg/m3,2020-03-28 04:00:00 +01:00,17.25
IT,O3,µg/m3,2020-03-28 05:00:00 +01:00,14.375
IT,O3,µg/m3,2020-03-28 06:00:00 +01:00,8.0
IT,O3,µg/m3,2020-03-28 07:00:00 +01:00,10.625
IT,O3,µg/m3,2020-03-28 08:00:00 +01:00,23.375
IT,O3,µg/m3,2020-03-28 09:00:00 +01:00,35.0
IT,O3,µg/m3,2020-03-28 10:00:00 +01:00,42.875
IT,O3,µg/m3,2020-03-28 11:00:00 +01:00,49.75
IT,O3,µg/m3,2020-03-28 12:00:00 +01:00,54.0
IT,O3,µg/m3,2020-03-28 13:00:00 +01:00,60.125
IT,O3,µg/m3,2020-03-28 14:00:00 +01:00,67.5
IT,O3,µg/m3,2020-03-28 15:00:00 +01:00,68.75
IT,O3,µg/m3,2020-03-28 16:00:00 +01:00,68.75
IT,O3,µg/m3,2020-03-28 17:00:00 +01:00,67.5
IT,O3,µg/m3,2020-03-28 18:00:00 +01:00,63.375
IT,O3,µg/m3,2020-03-28 19:00:00 +01:00,55.25
IT,O3,µg/m3,2020-03-28 20:00:00 +01:00,48.25
IT,O3,µg/m3,2020-03-28 21:00:00 +01:00,40.75
IT,O3,µg/m3,2020-03-28 22:00:00 +01:00,27.875
IT,O3,µg/m3,2020-03-28 23:00:00 +01:00,27.625
IT,O3,µg/m3,2020-03-29 00:00:00 +01:00,21.125
IT,O3,µg/m3,2020-03-29 01:00:00 +01:00,17.75
IT,O3,µg/m3,2020-03-29 03:00:00 +01:00,17.25
IT,O3,µg/m3,2020-03-29 04:00:00 +01:00,16.25
IT,O3,µg/m3,2020-03-29 05:00:00 +01:00,13.75
IT,O3,µg/m3,2020-03-29 06:00:00 +01:00,9.125
IT,O3,µg/m3,2020-03-29 07:00:00 +01:00,9.125
IT,O3,µg/m3,2020-03-29 08:00:00 +01:00,13.0
IT,O3,µg/m3,2020-03-29 09:00:00 +01:00,22.125
IT,O3,µg/m3,2020-03-29 10:00:00 +01:00,45.5
IT,O3,µg/m3,2020-03-29 11:00:00 +01:00,60.125
IT,O3,µg/m3,2020-03-29 12:00:00 +01:00,68.75
IT,O3,µg/m3,2020-03-29 13:00:00 +01:00,74.875
IT,O3,µg/m3,2020-03-29 14:00:00 +01:00,80.875
IT,O3,µg/m3,2020-03-29 15:00:00 +01:00,84.375
IT,O3,µg/m3,2020-03-29 16:00:00 +01:00,86.125
IT,O3,µg/m3,2020-03-29 17:00:00 +01:00,86.75
IT,O3,µg/m3,2020-03-29 18:00:00 +01:00,84.0
IT,O3,µg/m3,2020-03-29 19:00:00 +01:00,77.375
IT,O3,µg/m3,2020-03-29 20:00:00 +01:00,68.75
IT,O3,µg/m3,2020-03-29 21:00:00 +01:00,63.75
IT,O3,µg/m3,2020-03-29 22:00:00 +01:00,62.375
IT,O3,µg/m3,2020-03-29 23:00:00 +01:00,62.25
IT,O3,µg/m3,2020-03-30 00:00:00 +01:00,49.625
IT,O3,µg/m3,2020-03-30 01:00:00 +01:00,36.75
IT,O3,µg/m3,2020-03-30 02:00:00 +01:00,33.0
IT,O3,µg/m3,2020-03-30 03:00:00 +01:00,26.75
IT,O3,µg/m3,2020-03-30 04:00:00 +01:00,19.75
IT,O3,µg/m3,2020-03-30 05:00:00 +01:00,13.25
IT,O3,µg/m3,2020-03-30 06:00:00 +01:00,5.5
IT,O3,µg/m3,2020-03-30 07:00:00 +01:00,7.125
IT,O3,µg/m3,2020-03-30 08:00:00 +01:00,10.375
IT,O3,µg/m3,2020-03-30 09:00:00 +01:00,25.125
IT,O3,µg/m3,2020-03-30 10:00:00 +01:00,49.75
IT,O3,µg/m3,2020-03-30 11:00:00 +01:00,63.375
IT,O3,µg/m3,2020-03-30 12:00:00 +01:00,72.5
IT,O3,µg/m3,2020-03-30 13:00:00 +01:00,74.0
IT,O3,µg/m3,2020-03-30 14:00:00 +01:00,80.125
IT,O3,µg/m3,2020-03-30 15:00:00 +01:00,86.5
IT,O3,µg/m3,2020-03-30 16:00:00 +01:00,87.625
IT,O3,µg/m3,2020-03-30 17:00:00 +01:00,87.25
IT,O3,µg/m3,2020-03-30 18:00:00 +01:00,82.25
IT,O3,µg/m3,2020-03-30 19:00:00 +01:00,69.5
IT,O3,µg/m3,2020-03-30 20:00:00 +01:00,58.125
IT,O3,µg/m3,2020-03-30 21:00:00 +01:00,47.5
IT,O3,µg/m3,2020-03-30 22:00:00 +01:00,41.625
IT,O3,µg/m3,2020-03-30 23:00:00 +01:00,33.75
IT,O3,µg/m3,2020-03-31 00:00:00 +01:00,27.75
IT,O3,µg/m3,2020-03-31 01:00:00 +01:00,22.5
IT,O3,µg/m3,2020-03-31 02:00:00 +01:00,19.375
IT,O3,µg/m3,2020-03-31 03:00:00 +01:00,18.875
IT,O3,µg/m3,2020-03-31 04:00:00 +01:00,15.5
IT,O3,µg/m3,2020-03-31 05:00:00 +01:00,13.5
IT,O3,µg/m3,2020-03-31 06:00:00 +01:00,9.75
IT,O3,µg/m3,2020-03-31 07:00:00 +01:00,9.5
IT,O3,µg/m3,2020-03-31 08:00:00 +01:00,18.75
IT,O3,µg/m3,2020-03-31 09:00:00 +01:00,31.875
IT,O3,µg/m3,2020-03-31 10:00:00 +01:00,47.75
IT,O3,µg/m3,2020-03-31 11:00:00 +01:00,56.75
IT,O3,µg/m3,2020-03-31 12:00:00 +01:00,63.875
IT,O3,µg/m3,2020-03-31 13:00:00 +01:00,71.0
IT,O3,µg/m3,2020-03-31 14:00:00 +01:00,73.375
IT,O3,µg/m3,2020-03-31 15:00:00 +01:00,69.25
IT,O3,µg/m3,2020-03-31 16:00:00 +01:00,70.375
IT,O3,µg/m3,2020-03-31 17:00:00 +01:00,68.625
IT,O3,µg/m3,2020-03-31 18:00:00 +01:00,64.875
IT,O3,µg/m3,2020-03-31 19:00:00 +01:00,60.875
IT,O3,µg/m3,2020-03-31 20:00:00 +01:00,60.125
IT,O3,µg/m3,2020-03-31 21:00:00 +01:00,64.875
IT,O3,µg/m3,2020-03-31 22:00:00 +01:00,70.625
IT,O3,µg/m3,2020-03-31 23:00:00 +01:00,72.5
IT,O3,µg/m3,2020-04-01 00:00:00 +01:00,73.75
IT,O3,µg/m3,2020-04-01 01:00:00 +01:00,76.0
IT,O3,µg/m3,2020-04-01 02:00:00 +01:00,76.25
IT,O3,µg/m3,2020-04-01 03:00:00 +01:00,76.375
IT,O3,µg/m3,2020-04-01 04:00:00 +01:00,75.375
IT,O3,µg/m3,2020-04-01 05:00:00 +01:00,74.125
IT,O3,µg/m3,2020-04-01 06:00:00 +01:00,69.125
IT,O3,µg/m3,2020-04-01 07:00:00 +01:00,67.125
IT,O3,µg/m3,2020-04-01 08:00:00 +01:00,68.625
IT,O3,µg/m3,2020-04-01 09:00:00 +01:00,74.0
IT,O3,µg/m3,2020-04-01 10:00:00 +01:00,78.375
IT,O3,µg/m3,2020-04-01 11:00:00 +01:00,81.75
IT,O3,µg/m3,2020-04-01 12:00:00 +01:00,83.875
IT,O3,µg/m3,2020-04-01 13:00:00 +01:00,86.125
IT,O3,µg/m3,2020-04-01 14:00:00 +01:00,88.71428571428571
IT,O3,µg/m3,2020-04-01 15:00:00 +01:00,90.14285714285714
IT,O3,µg/m3,2020-04-01 16:00:00 +01:00,90.0
IT,O3,µg/m3,2020-04-01 17:00:00 +01:00,88.14285714285714
IT,O3,µg/m3,2020-04-01 18:00:00 +01:00,86.28571428571429
IT,O3,µg/m3,2020-04-01 19:00:00 +01:00,81.0
IT,O3,µg/m3,2020-04-01 20:00:00 +01:00,77.14285714285714
IT,O3,µg/m3,2020-04-01 21:00:00 +01:00,74.14285714285714
IT,O3,µg/m3,2020-04-01 22:00:00 +01:00,71.14285714285714
IT,O3,µg/m3,2020-04-01 23:00:00 +01:00,67.57142857142857
IT,O3,µg/m3,2020-04-02 00:00:00 +01:00,62.0
IT,O3,µg/m3,2020-04-02 01:00:00 +01:00,60.57142857142857
IT,O3,µg/m3,2020-04-02 02:00:00 +01:00,60.42857142857143
IT,O3,µg/m3,2020-04-02 03:00:00 +01:00,60.57142857142857
IT,O3,µg/m3,2020-04-02 04:00:00 +01:00,56.285714285714285
IT,O3,µg/m3,2020-04-02 05:00:00 +01:00,46.285714285714285
IT,O3,µg/m3,2020-04-02 06:00:00 +01:00,35.0
IT,O3,µg/m3,2020-04-02 07:00:00 +01:00,29.428571428571427
IT,O3,µg/m3,2020-04-02 08:00:00 +01:00,35.857142857142854
IT,O3,µg/m3,2020-04-02 09:00:00 +01:00,46.857142857142854
IT,O3,µg/m3,2020-04-02 10:00:00 +01:00,62.857142857142854
IT,O3,µg/m3,2020-04-02 11:00:00 +01:00,81.85714285714286
IT,O3,µg/m3,2020-04-02 12:00:00 +01:00,87.875
IT,O3,µg/m3,2020-04-02 13:00:00 +01:00,91.125
IT,O3,µg/m3,2020-04-02 14:00:00 +01:00,91.875
IT,O3,µg/m3,2020-04-02 15:00:00 +01:00,95.625
IT,O3,µg/m3,2020-04-02 16:00:00 +01:00,97.875
IT,O3,µg/m3,2020-04-02 17:00:00 +01:00,98.0
IT,O3,µg/m3,2020-04-02 18:00:00 +01:00,96.75
IT,O3,µg/m3,2020-04-02 19:00:00 +01:00,92.25
IT,O3,µg/m3,2020-04-02 20:00:00 +01:00,83.5
IT,O3,µg/m3,2020-04-02 21:00:00 +01:00,76.375
IT,O3,µg/m3,2020-04-02 22:00:00 +01:00,59.375
IT,O3,µg/m3,2020-04-02 23:00:00 +01:00,40.375
IT,O3,µg/m3,2020-04-03 00:00:00 +01:00,35.75
IT,O3,µg/m3,2020-04-03 01:00:00 +01:00,33.0
IT,O3,µg/m3,2020-04-03 02:00:00 +01:00,36.5
IT,O3,µg/m3,2020-04-03 03:00:00 +01:00,33.0
IT,O3,µg/m3,2020-04-03 04:00:00 +01:00,37.0
IT,O3,µg/m3,2020-04-03 05:00:00 +01:00,31.25
IT,O3,µg/m3,2020-04-03 06:00:00 +01:00,24.125
IT,O3,µg/m3,2020-04-03 07:00:00 +01:00,17.125
IT,O3,µg/m3,2020-04-03 08:00:00 +01:00,25.375
IT,O3,µg/m3,2020-04-03 09:00:00 +01:00,46.75
IT,O3,µg/m3,2020-04-03 10:00:00 +01:00,63.0
IT,O3,µg/m3,2020-04-03 11:00:00 +01:00,80.25
IT,O3,µg/m3,2020-04-03 12:00:00 +01:00,93.5
IT,O3,µg/m3,2020-04-03 13:00:00 +01:00,98.0
IT,O3,µg/m3,2020-04-03 14:00:00 +01:00,102.625
IT,O3,µg/m3,2020-04-03 15:00:00 +01:00,103.375
IT,O3,µg/m3,2020-04-03 16:00:00 +01:00,103.625
IT,O3,µg/m3,2020-04-03 17:00:00 +01:00,102.125
IT,O3,µg/m3,2020-04-03 18:00:00 +01:00,100.5
IT,O3,µg/m3,2020-04-03 19:00:00 +01:00,95.375
IT,O3,µg/m3,2020-04-03 20:00:00 +01:00,88.25
IT,O3,µg/m3,2020-04-03 21:00:00 +01:00,70.0
IT,O3,µg/m3,2020-04-03 22:00:00 +01:00,56.75
IT,O3,µg/m3,2020-04-03 23:00:00 +01:00,47.25
IT,O3,µg/m3,2020-04-04 00:00:00 +01:00,45.625
IT,O3,µg/m3,2020-04-04 01:00:00 +01:00,46.5
IT,O3,µg/m3,2020-04-04 02:00:00 +01:00,52.0
IT,O3,µg/m3,2020-04-04 03:00:00 +01:00,54.75
IT,O3,µg/m3,2020-04-04 04:00:00 +01:00,54.625
IT,O3,µg/m3,2020-04-04 05:00:00 +01:00,45.25
IT,O3,µg/m3,2020-04-04 06:00:00 +01:00,30.875
IT,O3,µg/m3,2020-04-04 07:00:00 +01:00,28.75
IT,O3,µg/m3,2020-04-04 08:00:00 +01:00,41.25
IT,O3,µg/m3,2020-04-04 09:00:00 +01:00,59.875
IT,O3,µg/m3,2020-04-04 10:00:00 +01:00,72.375
IT,O3,µg/m3,2020-04-04 11:00:00 +01:00,90.5
IT,O3,µg/m3,2020-04-04 12:00:00 +01:00,96.5
IT,O3,µg/m3,2020-04-04 13:00:00 +01:00,99.5
IT,O3,µg/m3,2020-04-04 14:00:00 +01:00,102.0
IT,O3,µg/m3,2020-04-04 15:00:00 +01:00,101.375
IT,O3,µg/m3,2020-04-04 16:00:00 +01:00,102.375
IT,O3,µg/m3,2020-04-04 17:00:00 +01:00,101.125
IT,O3,µg/m3,2020-04-04 18:00:00 +01:00,99.875
IT,O3,µg/m3,2020-04-04 19:00:00 +01:00,94.75
IT,O3,µg/m3,2020-04-04 20:00:00 +01:00,86.75
IT,O3,µg/m3,2020-04-04 21:00:00 +01:00,86.0
IT,O3,µg/m3,2020-04-04 22:00:00 +01:00,85.5
IT,O3,µg/m3,2020-04-04 23:00:00 +01:00,80.625
IT,O3,µg/m3,2020-04-05 00:00:00 +01:00,83.375
IT,O3,µg/m3,2020-04-05 01:00:00 +01:00,80.75
IT,O3,µg/m3,2020-04-05 02:00:00 +01:00,77.75
IT,O3,µg/m3,2020-04-05 03:00:00 +01:00,74.875
IT,O3,µg/m3,2020-04-05 04:00:00 +01:00,70.5
IT,O3,µg/m3,2020-04-05 05:00:00 +01:00,67.5
IT,O3,µg/m3,2020-04-05 06:00:00 +01:00,61.375
IT,O3,µg/m3,2020-04-05 07:00:00 +01:00,60.625
IT,O3,µg/m3,2020-04-05 08:00:00 +01:00,65.875
IT,O3,µg/m3,2020-04-05 09:00:00 +01:00,74.25
IT,O3,µg/m3,2020-04-05 10:00:00 +01:00,82.875
IT,O3,µg/m3,2020-04-05 11:00:00 +01:00,90.25
IT,O3,µg/m3,2020-04-05 12:00:00 +01:00,94.625
IT,O3,µg/m3,2020-04-05 13:00:00 +01:00,95.875
IT,O3,µg/m3,2020-04-05 14:00:00 +01:00,98.125
IT,O3,µg/m3,2020-04-05 15:00:00 +01:00,99.75
IT,O3,µg/m3,2020-04-05 16:00:00 +01:00,100.375
IT,O3,µg/m3,2020-04-05 17:00:00 +01:00,98.875
IT,O3,µg/m3,2020-04-05 18:00:00 +01:00,95.375
IT,O3,µg/m3,2020-04-05 19:00:00 +01:00,88.875
IT,O3,µg/m3,2020-04-05 20:00:00 +01:00,80.875
IT,O3,µg/m3,2020-04-05 21:00:00 +01:00,73.125
IT,O3,µg/m3,2020-04-05 22:00:00 +01:00,72.5
IT,O3,µg/m3,2020-04-05 23:00:00 +01:00,63.25
IT,O3,µg/m3,2020-04-06 00:00:00 +01:00,63.375
IT,O3,µg/m3,2020-04-06 01:00:00 +01:00,63.875
IT,O3,µg/m3,2020-04-06 02:00:00 +01:00,72.625
IT,O3,µg/m3,2020-04-06 03:00:00 +01:00,74.0
IT,O3,µg/m3,2020-04-06 04:00:00 +01:00,65.57142857142857
IT,O3,µg/m3,2020-04-06 05:00:00 +01:00,58.142857142857146
IT,O3,µg/m3,2020-04-06 06:00:00 +01:00,36.714285714285715
IT,O3,µg/m3,2020-04-06 07:00:00 +01:00,25.142857142857142
IT,O3,µg/m3,2020-04-06 08:00:00 +01:00,37.857142857142854
IT,O3,µg/m3,2020-04-06 09:00:00 +01:00,54.57142857142857
IT,O3,µg/m3,2020-04-06 10:00:00 +01:00,71.71428571428571
IT,O3,µg/m3,2020-04-06 11:00:00 +01:00,82.14285714285714
IT,O3,µg/m3,2020-04-06 12:00:00 +01:00,94.14285714285714
IT,O3,µg/m3,2020-04-06 13:00:00 +01:00,101.28571428571429
IT,O3,µg/m3,2020-04-06 14:00:00 +01:00,107.71428571428571
IT,O3,µg/m3,2020-04-06 15:00:00 +01:00,111.42857142857143
IT,O3,µg/m3,2020-04-06 16:00:00 +01:00,110.42857142857143
IT,O3,µg/m3,2020-04-06 17:00:00 +01:00,107.71428571428571
IT,O3,µg/m3,2020-04-06 18:00:00 +01:00,102.57142857142857
IT,O3,µg/m3,2020-04-06 19:00:00 +01:00,96.28571428571429
IT,O3,µg/m3,2020-04-06 20:00:00 +01:00,86.28571428571429
IT,O3,µg/m3,2020-04-06 21:00:00 +01:00,76.0
IT,O3,µg/m3,2020-04-06 22:00:00 +01:00,57.142857142857146
IT,O3,µg/m3,2020-04-06 23:00:00 +01:00,39.57142857142857
IT,O3,µg/m3,2020-04-07 00:00:00 +01:00,36.0
IT,O3,µg/m3,2020-04-07 01:00:00 +01:00,31.75
IT,O3,µg/m3,2020-04-07 02:00:00 +01:00,34.5
IT,O3,µg/m3,2020-04-07 03:00:00 +01:00,37.5
IT,O3,µg/m3,2020-04-07 04:00:00 +01:00,34.5
IT,O3,µg/m3,2020-04-07 05:00:00 +01:00,30.625
IT,O3,µg/m3,2020-04-07 06:00:00 +01:00,18.375
IT,O3,µg/m3,2020-04-07 07:00:00 +01:00,13.875
IT,O3,µg/m3,2020-04-07 08:00:00 +01:00,28.375
IT,O3,µg/m3,2020-04-07 09:00:00 +01:00,39.75
IT,O3,µg/m3,2020-04-07 10:00:00 +01:00,56.125
IT,O3,µg/m3,2020-04-07 11:00:00 +01:00,81.75
IT,O3,µg/m3,2020-04-07 12:00:00 +01:00,97.5
IT,O3,µg/m3,2020-04-07 13:00:00 +01:00,105.875
IT,O3,µg/m3,2020-04-07 14:00:00 +01:00,111.0
IT,O3,µg/m3,2020-04-07 15:00:00 +01:00,112.375
IT,O3,µg/m3,2020-04-07 16:00:00 +01:00,111.5
IT,O3,µg/m3,2020-04-07 17:00:00 +01:00,108.25
IT,O3,µg/m3,2020-04-07 18:00:00 +01:00,106.25
IT,O3,µg/m3,2020-04-07 19:00:00 +01:00,99.875
IT,O3,µg/m3,2020-04-07 20:00:00 +01:00,93.75
IT,O3,µg/m3,2020-04-07 21:00:00 +01:00,85.125
IT,O3,µg/m3,2020-04-07 22:00:00 +01:00,79.625
IT,O3,µg/m3,2020-04-07 23:00:00 +01:00,56.5
IT,O3,µg/m3,2020-04-08 00:00:00 +01:00,46.75
IT,O3,µg/m3,2020-04-08 01:00:00 +01:00,43.75
IT,O3,µg/m3,2020-04-08 02:00:00 +01:00,37.5
IT,O3,µg/m3,2020-04-08 03:00:00 +01:00,37.125
IT,O3,µg/m3,2020-04-08 04:00:00 +01:00,34.625
IT,O3,µg/m3,2020-04-08 05:00:00 +01:00,24.875
IT,O3,µg/m3,2020-04-08 06:00:00 +01:00,17.125
IT,O3,µg/m3,2020-04-08 07:00:00 +01:00,19.5
IT,O3,µg/m3,2020-04-08 08:00:00 +01:00,26.125
IT,O3,µg/m3,2020-04-08 09:00:00 +01:00,40.75
IT,O3,µg/m3,2020-04-08 10:00:00 +01:00,60.0
IT,O3,µg/m3,2020-04-08 11:00:00 +01:00,86.125
IT,O3,µg/m3,2020-04-08 12:00:00 +01:00,107.75
IT,O3,µg/m3,2020-04-08 13:00:00 +01:00,113.75
IT,O3,µg/m3,2020-04-08 14:00:00 +01:00,117.875
IT,O3,µg/m3,2020-04-08 15:00:00 +01:00,121.0
IT,O3,µg/m3,2020-04-08 16:00:00 +01:00,121.75
IT,O3,µg/m3,2020-04-08 17:00:00 +01:00,121.0
IT,O3,µg/m3,2020-04-08 18:00:00 +01:00,119.5
IT,O3,µg/m3,2020-04-08 19:00:00 +01:00,116.0
IT,O3,µg/m3,2020-04-08 20:00:00 +01:00,108.25
IT,O3,µg/m3,2020-04-08 21:00:00 +01:00,98.875
IT,O3,µg/m3,2020-04-08 22:00:00 +01:00,87.625
IT,O3,µg/m3,2020-04-08 23:00:00 +01:00,85.375
IT,O3,µg/m3,2020-04-09 00:00:00 +01:00,75.75
IT,O3,µg/m3,2020-04-09 01:00:00 +01:00,63.0
IT,O3,µg/m3,2020-04-09 02:00:00 +01:00,60.75
IT,O3,µg/m3,2020-04-09 03:00:00 +01:00,57.875
IT,O3,µg/m3,2020-04-09 04:00:00 +01:00,37.875
IT,O3,µg/m3,2020-04-09 05:00:00 +01:00,33.375
IT,O3,µg/m3,2020-04-09 06:00:00 +01:00,35.625
IT,O3,µg/m3,2020-04-09 07:00:00 +01:00,38.125
IT,O3,µg/m3,2020-04-09 08:00:00 +01:00,32.625
IT,O3,µg/m3,2020-04-09 09:00:00 +01:00,43.625
IT,O3,µg/m3,2020-04-09 10:00:00 +01:00,60.75
IT,O3,µg/m3,2020-04-09 11:00:00 +01:00,87.75
IT,O3,µg/m3,2020-04-09 12:00:00 +01:00,105.875
IT,O3,µg/m3,2020-04-09 13:00:00 +01:00,113.125
IT,O3,µg/m3,2020-04-09 14:00:00 +01:00,114.75
IT,O3,µg/m3,2020-04-09 15:00:00 +01:00,116.5
IT,O3,µg/m3,2020-04-09 16:00:00 +01:00,117.25
IT,O3,µg/m3,2020-04-09 17:00:00 +01:00,114.0
IT,O3,µg/m3,2020-04-09 18:00:00 +01:00,108.875
IT,O3,µg/m3,2020-04-09 19:00:00 +01:00,103.125
IT,O3,µg/m3,2020-04-09 20:00:00 +01:00,96.75
IT,O3,µg/m3,2020-04-09 21:00:00 +01:00,87.75
IT,O3,µg/m3,2020-04-09 22:00:00 +01:00,76.625
IT,O3,µg/m3,2020-04-09 23:00:00 +01:00,55.5
IT,O3,µg/m3,2020-04-10 00:00:00 +01:00,41.625
IT,O3,µg/m3,2020-04-10 01:00:00 +01:00,38.875
IT,O3,µg/m3,2020-04-10 02:00:00 +01:00,39.25
IT,O3,µg/m3,2020-04-10 03:00:00 +01:00,40.375
IT,O3,µg/m3,2020-04-10 04:00:00 +01:00,36.25
IT,O3,µg/m3,2020-04-10 05:00:00 +01:00,29.625
IT,O3,µg/m3,2020-04-10 06:00:00 +01:00,17.75
IT,O3,µg/m3,2020-04-10 07:00:00 +01:00,13.5
IT,O3,µg/m3,2020-04-10 08:00:00 +01:00,24.5
IT,O3,µg/m3,2020-04-10 09:00:00 +01:00,41.125
IT,O3,µg/m3,2020-04-10 10:00:00 +01:00,55.125
IT,O3,µg/m3,2020-04-10 11:00:00 +01:00,70.0
IT,O3,µg/m3,2020-04-10 12:00:00 +01:00,87.875
IT,O3,µg/m3,2020-04-10 13:00:00 +01:00,100.75
IT,O3,µg/m3,2020-04-10 14:00:00 +01:00,109.625
IT,O3,µg/m3,2020-04-10 15:00:00 +01:00,115.625
IT,O3,µg/m3,2020-04-10 16:00:00 +01:00,113.0
IT,O3,µg/m3,2020-04-10 17:00:00 +01:00,108.5
IT,O3,µg/m3,2020-04-10 18:00:00 +01:00,102.5
IT,O3,µg/m3,2020-04-10 19:00:00 +01:00,94.75
IT,O3,µg/m3,2020-04-10 20:00:00 +01:00,88.0
IT,O3,µg/m3,2020-04-10 21:00:00 +01:00,77.75
IT,O3,µg/m3,2020-04-10 22:00:00 +01:00,61.75
IT,O3,µg/m3,2020-04-10 23:00:00 +01:00,46.375
IT,O3,µg/m3,2020-04-11 00:00:00 +01:00,39.25
IT,O3,µg/m3,2020-04-11 01:00:00 +01:00,35.75
IT,O3,µg/m3,2020-04-11 02:00:00 +01:00,35.375
IT,O3,µg/m3,2020-04-11 03:00:00 +01:00,37.5
IT,O3,µg/m3,2020-04-11 04:00:00 +01:00,32.75
IT,O3,µg/m3,2020-04-11 05:00:00 +01:00,22.5
IT,O3,µg/m3,2020-04-11 06:00:00 +01:00,12.125
IT,O3,µg/m3,2020-04-11 07:00:00 +01:00,10.375
IT,O3,µg/m3,2020-04-11 08:00:00 +01:00,22.75
IT,O3,µg/m3,2020-04-11 09:00:00 +01:00,39.75
IT,O3,µg/m3,2020-04-11 10:00:00 +01:00,62.0
IT,O3,µg/m3,2020-04-11 11:00:00 +01:00,82.0
IT,O3,µg/m3,2020-04-11 12:00:00 +01:00,93.25
IT,O3,µg/m3,2020-04-11 13:00:00 +01:00,105.25
IT,O3,µg/m3,2020-04-11 14:00:00 +01:00,111.5
IT,O3,µg/m3,2020-04-11 15:00:00 +01:00,111.125
IT,O3,µg/m3,2020-04-11 16:00:00 +01:00,113.875
IT,O3,µg/m3,2020-04-11 17:00:00 +01:00,114.0
IT,O3,µg/m3,2020-04-11 18:00:00 +01:00,108.625
IT,O3,µg/m3,2020-04-11 19:00:00 +01:00,98.875
IT,O3,µg/m3,2020-04-11 20:00:00 +01:00,91.875
IT,O3,µg/m3,2020-04-11 21:00:00 +01:00,80.25
IT,O3,µg/m3,2020-04-11 22:00:00 +01:00,62.75
IT,O3,µg/m3,2020-04-11 23:00:00 +01:00,52.375
IT,O3,µg/m3,2020-04-12 00:00:00 +01:00,47.625
IT,O3,µg/m3,2020-04-12 01:00:00 +01:00,47.25
IT,O3,µg/m3,2020-04-12 02:00:00 +01:00,46.5
IT,O3,µg/m3,2020-04-12 03:00:00 +01:00,44.75
IT,O3,µg/m3,2020-04-12 04:00:00 +01:00,36.875
IT,O3,µg/m3,2020-04-12 05:00:00 +01:00,31.875
IT,O3,µg/m3,2020-04-12 06:00:00 +01:00,21.0
IT,O3,µg/m3,2020-04-12 07:00:00 +01:00,18.25
IT,O3,µg/m3,2020-04-12 08:00:00 +01:00,31.125
IT,O3,µg/m3,2020-04-12 09:00:00 +01:00,48.5
IT,O3,µg/m3,2020-04-12 10:00:00 +01:00,68.625
IT,O3,µg/m3,2020-04-12 11:00:00 +01:00,84.125
IT,O3,µg/m3,2020-04-12 12:00:00 +01:00,96.125
IT,O3,µg/m3,2020-04-12 13:00:00 +01:00,98.75
IT,O3,µg/m3,2020-04-12 14:00:00 +01:00,100.125
IT,O3,µg/m3,2020-04-12 15:00:00 +01:00,103.125
IT,O3,µg/m3,2020-04-12 16:00:00 +01:00,102.875
IT,O3,µg/m3,2020-04-12 17:00:00 +01:00,100.625
IT,O3,µg/m3,2020-04-12 18:00:00 +01:00,98.375
IT,O3,µg/m3,2020-04-12 19:00:00 +01:00,96.125
IT,O3,µg/m3,2020-04-12 20:00:00 +01:00,96.125
IT,O3,µg/m3,2020-04-12 21:00:00 +01:00,90.125
IT,O3,µg/m3,2020-04-12 22:00:00 +01:00,85.875
IT,O3,µg/m3,2020-04-12 23:00:00 +01:00,80.0
IT,O3,µg/m3,2020-04-13 00:00:00 +01:00,65.5
IT,O3,µg/m3,2020-04-13 01:00:00 +01:00,56.0
IT,O3,µg/m3,2020-04-13 02:00:00 +01:00,52.875
IT,O3,µg/m3,2020-04-13 03:00:00 +01:00,50.0
IT,O3,µg/m3,2020-04-13 04:00:00 +01:00,53.25
IT,O3,µg/m3,2020-04-13 05:00:00 +01:00,50.125
IT,O3,µg/m3,2020-04-13 06:00:00 +01:00,49.25
IT,O3,µg/m3,2020-04-13 07:00:00 +01:00,47.875
IT,O3,µg/m3,2020-04-13 08:00:00 +01:00,45.75
IT,O3,µg/m3,2020-04-13 09:00:00 +01:00,51.25
IT,O3,µg/m3,2020-04-13 10:00:00 +01:00,69.125
IT,O3,µg/m3,2020-04-13 11:00:00 +01:00,90.375
IT,O3,µg/m3,2020-04-13 12:00:00 +01:00,104.375
IT,O3,µg/m3,2020-04-13 13:00:00 +01:00,112.5
IT,O3,µg/m3,2020-04-13 14:00:00 +01:00,119.5
IT,O3,µg/m3,2020-04-13 15:00:00 +01:00,120.0
IT,O3,µg/m3,2020-04-13 16:00:00 +01:00,112.25
IT,O3,µg/m3,2020-04-13 17:00:00 +01:00,105.125
IT,O3,µg/m3,2020-04-13 18:00:00 +01:00,102.5
IT,O3,µg/m3,2020-04-13 19:00:00 +01:00,97.75
IT,O3,µg/m3,2020-04-13 20:00:00 +01:00,93.625
IT,O3,µg/m3,2020-04-13 21:00:00 +01:00,90.25
IT,O3,µg/m3,2020-04-13 22:00:00 +01:00,81.25
IT,O3,µg/m3,2020-04-13 23:00:00 +01:00,79.75
IT,O3,µg/m3,2020-04-14 00:00:00 +01:00,79.875
IT,O3,µg/m3,2020-04-14 01:00:00 +01:00,81.0
IT,O3,µg/m3,2020-04-14 02:00:00 +01:00,71.25
IT,O3,µg/m3,2020-04-14 03:00:00 +01:00,64.625
IT,O3,µg/m3,2020-04-14 04:00:00 +01:00,53.75
IT,O3,µg/m3,2020-04-14 05:00:00 +01:00,38.75
IT,O3,µg/m3,2020-04-14 06:00:00 +01:00,25.0
IT,O3,µg/m3,2020-04-14 07:00:00 +01:00,28.375
IT,O3,µg/m3,2020-04-14 08:00:00 +01:00,56.5
IT,O3,µg/m3,2020-04-14 09:00:00 +01:00,56.625
IT,O3,µg/m3,2020-04-14 10:00:00 +01:00,53.875
IT,O3,µg/m3,2020-04-14 11:00:00 +01:00,58.125
IT,O3,µg/m3,2020-04-14 12:00:00 +01:00,58.5
IT,O3,µg/m3,2020-04-14 13:00:00 +01:00,61.375
IT,O3,µg/m3,2020-04-14 14:00:00 +01:00,68.375
IT,O3,µg/m3,2020-04-14 15:00:00 +01:00,71.5
IT,O3,µg/m3,2020-04-14 16:00:00 +01:00,67.5
IT,O3,µg/m3,2020-04-14 17:00:00 +01:00,58.125
IT,O3,µg/m3,2020-04-14 18:00:00 +01:00,53.375
IT,O3,µg/m3,2020-04-14 19:00:00 +01:00,51.125
IT,O3,µg/m3,2020-04-14 20:00:00 +01:00,36.5
IT,O3,µg/m3,2020-04-14 21:00:00 +01:00,41.375
IT,O3,µg/m3,2020-04-14 22:00:00 +01:00,54.0
IT,O3,µg/m3,2020-04-14 23:00:00 +01:00,62.125
IT,O3,µg/m3,2020-04-15 00:00:00 +01:00,63.25
IT,O3,µg/m3,2020-04-15 01:00:00 +01:00,64.75
IT,O3,µg/m3,2020-04-15 02:00:00 +01:00,68.0
IT,O3,µg/m3,2020-04-15 03:00:00 +01:00,69.75
IT,O3,µg/m3,2020-04-15 04:00:00 +01:00,70.375
IT,O3,µg/m3,2020-04-15 05:00:00 +01:00,68.625
IT,O3,µg/m3,2020-04-15 06:00:00 +01:00,64.0
IT,O3,µg/m3,2020-04-15 07:00:00 +01:00,58.0
IT,O3,µg/m3,2020-04-15 08:00:00 +01:00,56.25
IT,O3,µg/m3,2020-04-15 09:00:00 +01:00,66.125
IT,O3,µg/m3,2020-04-15 10:00:00 +01:00,70.42857142857143
IT,O3,µg/m3,2020-04-15 11:00:00 +01:00,72.71428571428571
IT,O3,µg/m3,2020-04-15 12:00:00 +01:00,78.25
IT,O3,µg/m3,2020-04-15 13:00:00 +01:00,82.0
IT,O3,µg/m3,2020-04-15 14:00:00 +01:00,86.0
IT,O3,µg/m3,2020-04-15 15:00:00 +01:00,87.25
IT,O3,µg/m3,2020-04-15 16:00:00 +01:00,88.0
IT,O3,µg/m3,2020-04-15 17:00:00 +01:00,87.5
IT,O3,µg/m3,2020-04-15 18:00:00 +01:00,85.875
IT,O3,µg/m3,2020-04-15 19:00:00 +01:00,84.0
IT,O3,µg/m3,2020-04-15 20:00:00 +01:00,80.125
IT,O3,µg/m3,2020-04-15 21:00:00 +01:00,71.375
IT,O3,µg/m3,2020-04-15 22:00:00 +01:00,59.0
IT,O3,µg/m3,2020-04-15 23:00:00 +01:00,42.125
